name	taxonomy_id	taxonomy_lvl	kraken_assigned_reads	added_reads	new_est_reads	fraction_total_reads
Roseburia hominis	3527	S	1787776	2518046	4305822	0.10084
Roseburia sp900552665	553	S	503592	578168	1081760	0.02533
Roseburia sp003483745	1065	S	21738	3771	25509	0.00060
Roseburia sp900756925	5931	S	8743	845	9588	0.00022
Roseburia sp900542495	5468	S	7562	4806	12368	0.00029
MGYG000004752	5968	S	619	5	624	0.00001
Agathobacter rectalis	3500	S	583333	611026	1194359	0.02797
Agathobacter faecis	4822	S	141302	152981	294283	0.00689
Agathobacter sp900543445	2485	S	36333	2795	39128	0.00092
Agathobacter sp900552085	1062	S	6190	828	7018	0.00016
Agathobacter sp900548765	964	S	4429	304	4733	0.00011
Agathobacter sp900547695	1842	S	2178	710	2888	0.00007
Agathobacter sp900546625	3698	S	1509	217	1726	0.00004
UMGS1375 sp900066615	368	S	496999	886458	1383457	0.03240
UMGS1375 sp900551235	5322	S	914	357	1271	0.00003
Acetatifactor sp900066365	178	S	205711	378939	584650	0.01369
MGYG000004203	5391	S	7996	2039	10035	0.00024
Acetatifactor sp900766575	1111	S	7544	3496	11040	0.00026
Acetatifactor sp900760705	2769	S	582	118	700	0.00002
Enterocloster sp000155435	2012	S	67628	20486	88114	0.00206
Enterocloster citroniae	452	S	64537	36397	100934	0.00236
Enterocloster clostridioformis	2110	S	35838	54635	90473	0.00212
Enterocloster bolteae	2298	S	16296	19240	35536	0.00083
Enterocloster sp900541315	1909	S	8002	3910	11912	0.00028
Enterocloster sp900543885	1384	S	6369	4745	11114	0.00026
Enterocloster sp900551225	3873	S	5561	49	5610	0.00013
Enterocloster sp900555045	4051	S	1066	54	1120	0.00003
MGYG000001954	2868	S	887	416	1303	0.00003
Enterocloster sp900753815	2887	S	584	33	617	0.00001
Enterocloster sp900538485	1705	S	396	61	457	0.00001
Enterocloster sp900547035	2449	S	356	148	504	0.00001
Enterocloster sp900549235	2470	S	224	43	267	0.00001
Enterocloster sp900540675	5259	S	138	74	212	0.00000
Enterocloster clostridioformis_A	2404	S	93	111	204	0.00000
Enterocloster sp005845215	1686	S	82	15	97	0.00000
Fusicatenibacter saccharivorans	528	S	228145	483406	711551	0.01666
Fusicatenibacter sp900772675	4803	S	2361	282	2643	0.00006
MGYG000004233	5425	S	177	15	192	0.00000
CAG-81 sp900066535	460	S	219467	246483	465950	0.01091
MGYG000004582	5790	S	1793	81	1874	0.00004
MGYG000004677	5889	S	128	1	129	0.00000
MGYG000002628	3645	S	97	3	100	0.00000
Blautia_A hydrogenotrophica	163	S	47579	5169	52748	0.00124
Blautia_A sp900066145	455	S	23337	40806	64143	0.00150
Blautia_A wexlerae_A	2045	S	18484	65237	83721	0.00196
Blautia_A sp003474435	474	S	5357	8528	13885	0.00033
Blautia_A luti	431	S	4258	6409	10667	0.00025
Blautia_A sp900066335	544	S	4035	5629	9664	0.00023
Blautia_A sp900548245	5947	S	3520	5493	9013	0.00021
Blautia_A sp003471165	454	S	3358	6000	9358	0.00022
Blautia_A obeum_B	529	S	3346	10185	13531	0.00032
Blautia_A sp000436615	3260	S	1982	4364	6346	0.00015
Blautia_A obeum	467	S	896	1965	2861	0.00007
Blautia_A sp900120195	413	S	422	1310	1732	0.00004
MGYG000001189	1846	S	298	121	419	0.00001
Blautia_A sp900551075	4024	S	183	3	186	0.00000
Blautia_A sp900763175	1172	S	178	48	226	0.00001
Blautia_A sp900551715	4041	S	78	16	94	0.00000
Blautia_A sp900542045	3881	S	73	3	76	0.00000
Blautia_A wexlerae_B	6002	S	72	263	335	0.00001
Blautia_A sp900549015	4977	S	26	47	73	0.00000
Blautia_A sp900547615	1888	S	24	32	56	0.00000
Clostridium_Q saccharolyticum_A	3490	S	176355	178427	354782	0.00831
Clostridium_Q sp900547735	2464	S	650	22	672	0.00002
Clostridium_Q sp000435655	4123	S	256	26	282	0.00001
MGYG000002170	3103	S	81	8	89	0.00000
UBA9502 sp003480315	540	S	55229	83342	138571	0.00325
UBA9502 sp003506385	556	S	41003	107577	148580	0.00348
UBA9502 sp900540335	2466	S	312	38	350	0.00001
UBA7182 sp003480725	370	S	131926	125304	257230	0.00602
Eubacterium_G sp000434315	366	S	66458	57416	123874	0.00290
Eubacterium_G sp000432355	410	S	20629	26280	46909	0.00110
Eubacterium_G sp000435815	459	S	7353	10615	17968	0.00042
Eubacterium_G sp900550135	2492	S	197	253	450	0.00001
Eubacterium_G sp900548465	5221	S	102	120	222	0.00001
MGYG000001032	1669	S	28	3	31	0.00000
COE1 sp001916965	5628	S	112704	44792	157496	0.00369
RUG115 sp900066395	388	S	110716	99951	210667	0.00493
TF01-11 sp001414325	526	S	21654	40296	61950	0.00145
TF01-11 sp003529475	3255	S	10395	18522	28917	0.00068
TF01-11 sp000436755	2716	S	10072	16104	26176	0.00061
TF01-11 sp003524945	567	S	4015	6575	10590	0.00025
Lachnospira sp000436475	3600	S	47236	21031	68267	0.00160
Lachnospira rogosae_A	245	S	44165	42600	86765	0.00203
Lachnospira sp900772425	5576	S	3074	281	3355	0.00008
Lachnospira sp900545725	5581	S	475	55	530	0.00001
Lachnospira sp900316325	5511	S	169	6	175	0.00000
Lachnospira sp900547255	1192	S	101	4	105	0.00000
Lachnospira sp900552795	2915	S	27	4	31	0.00000
Lactonifactor sp009677585	6089	S	93512	15245	108757	0.00255
Anaerobutyricum hallii	543	S	3744	67081	70825	0.00166
Anaerobutyricum soehngenii	244	S	815	15770	16585	0.00039
Anaerobutyricum sp002161065	3725	S	49	4	53	0.00000
Lachnoclostridium_A sp003464085	566	S	43154	829	43983	0.00103
Lachnoclostridium_A edouardi	3413	S	21328	6460	27788	0.00065
Lachnoclostridium_A sp002160755	1915	S	9168	75	9243	0.00022
MGYG000001952	2865	S	3289	483	3772	0.00009
Hungatella sp005845265	382	S	58344	40496	98840	0.00231
Eubacterium_I sp900066595	207	S	57396	44950	102346	0.00240
Eubacterium_I sp900546495	1596	S	286	87	373	0.00001
AF33-28 sp003477885	457	S	53824	13712	67536	0.00158
Coprococcus sp000433075	3251	S	23599	15302	38901	0.00091
Coprococcus sp000154245	2576	S	3901	15095	18996	0.00044
Coprococcus sp900761435	4307	S	1706	27	1733	0.00004
Coprococcus sp900066115	437	S	270	936	1206	0.00003
Coprococcus sp900767685	714	S	28	16	44	0.00000
Coprococcus sp900548215	2615	S	24	16	40	0.00000
Mediterraneibacter lactaris	2011	S	14112	9371	23483	0.00055
Mediterraneibacter sp900752395	5145	S	11942	1341	13283	0.00031
Mediterraneibacter torques	2093	S	7376	8028	15404	0.00036
Mediterraneibacter massiliensis	2356	S	1546	532	2078	0.00005
MGYG000002772	3809	S	293	214	507	0.00001
MGYG000000545	1064	S	67	15	82	0.00000
MGYG000004609	5819	S	45	20	65	0.00000
MGYG000004558	5767	S	34	6	40	0.00000
MGYG000002150	3086	S	26	3	29	0.00000
Mediterraneibacter sp900555215	3616	S	21	1	22	0.00000
Mediterraneibacter sp900751785	1649	S	19	1	20	0.00000
Mediterraneibacter sp900553885	1872	S	18	7	25	0.00000
Dorea_A longicatena_B	3241	S	36916	62562	99478	0.00233
Blautia hominis	3437	S	9755	713	10468	0.00025
Blautia hansenii	2573	S	4976	14417	19393	0.00045
Blautia sp001304935	340	S	3326	692	4018	0.00009
Blautia coccoides	2551	S	1288	279	1567	0.00004
Blautia sp900547685	2446	S	398	288	686	0.00002
Blautia sp003287895	3085	S	58	15	73	0.00000
MGYG000002212	3154	S	51	8	59	0.00000
Blautia sp900543715	2438	S	25	3	28	0.00000
Blautia sp900539145	1618	S	19	42	61	0.00000
Lacrimispora sp902363835	384	S	30378	198	30576	0.00072
UBA7160 sp902363665	363	S	29150	26145	55295	0.00129
CAG-45 sp000438375	386	S	28279	19725	48004	0.00112
Bacteroides_F pectinophilus	2017	S	24530	24262	48792	0.00114
Marvinbryantia sp900066075	3239	S	22766	13435	36201	0.00085
Marvinbryantia sp900544685	4045	S	31	3	34	0.00000
Marvinbryantia sp014385005	5923	S	25	0	25	0.00000
Eisenbergiella tayi	3301	S	21416	7220	28636	0.00067
Eisenbergiella sp900539715	617	S	79	6	85	0.00000
Eisenbergiella sp900544445	4111	S	41	0	41	0.00000
Eisenbergiella sp900555195	5318	S	30	1	31	0.00000
UBA3402 sp003478355	561	S	20034	43892	63926	0.00150
MGYG000000680	1248	S	160	27	187	0.00000
Schaedlerella glycyrrhizinilytica	2099	S	14104	7133	21237	0.00050
Schaedlerella sp900066545	551	S	5100	6889	11989	0.00028
MGYG000001994	2912	S	196	144	340	0.00001
AM51-8 sp003478275	564	S	17156	15549	32705	0.00077
AM51-8 sp900761925	5251	S	146	5	151	0.00000
Catenibacillus sp902363555	347	S	13574	1918	15492	0.00036
Catenibacillus sp900557175	1916	S	28	0	28	0.00000
Muricomes sp000509105	421	S	1288	8095	9383	0.00022
Muricomes contortus_B	2305	S	315	1851	2166	0.00005
MGYG000003777	4930	S	21	1	22	0.00000
Clostridium_AP scindens	2001	S	10983	4057	15040	0.00035
CAG-95 sp900066375	3247	S	8928	10133	19061	0.00045
MGYG000002657	3682	S	278	131	409	0.00001
CAG-95 sp000438155	5294	S	255	164	419	0.00001
CAG-95 sp900553305	4806	S	66	18	84	0.00000
CAG-56 sp900539525	1633	S	5291	1280	6571	0.00015
CAG-56 sp900752065	1664	S	3055	881	3936	0.00009
MGYG000001219	1883	S	56	11	67	0.00000
Lachnoclostridium_B sp900066555	461	S	4454	6234	10688	0.00025
Lachnoclostridium_B sp000765215	3359	S	3620	1921	5541	0.00013
MGYG000004572	5783	S	41	3	44	0.00000
Acetivibrio_A ethanolgignens	3468	S	8068	3487	11555	0.00027
Anaerosporobacter mobilis	4019	S	8004	99	8103	0.00019
Faecalimonas umbilicata	2206	S	7636	4968	12604	0.00030
Faecalimonas sp900550235	1634	S	57	22	79	0.00000
Faecalimonas sp900555395	6060	S	33	2	35	0.00000
GCA-900066755 sp902363085	283	S	6891	2636	9527	0.00022
Sellimonas sp002161525	3252	S	3309	2642	5951	0.00014
Sellimonas intestinalis	395	S	1857	1187	3044	0.00007
OF09-33XD sp003481995	3238	S	5375	1141	6516	0.00015
CAG-127 sp900553925	983	S	4295	249	4544	0.00011
Eubacterium_F sp003491505	464	S	4205	1991	6196	0.00015
UBA3766 sp900769175	4622	S	3795	693811	697606	0.01634
Mediterraneibacter_A butyricigenes	403	S	3567	6601	10168	0.00024
CAG-632 sp900539185	1476	S	3396	394	3790	0.00009
CAG-632 sp002406015	2673	S	69	17	86	0.00000
MGYG000000627	1178	S	68	1	69	0.00000
MGYG000004689	5900	S	3440	3192	6632	0.00016
Dorea formicigenerans	377	S	3136	7192	10328	0.00024
Extibacter hylemonae	2579	S	2870	48	2918	0.00007
HGM12587 sp900766915	4518	S	2787	580	3367	0.00008
Anaerostipes rhamnosivorans	1616	S	2487	832	3319	0.00008
1XD42-69 sp014287635	4276	S	1684	566	2250	0.00005
CAG-303 sp900539455	5111	S	1678	223	1901	0.00004
CAG-510 sp900550475	2881	S	676	130	806	0.00002
CAG-510 sp000434615	1038	S	563	75	638	0.00001
CAG-510 sp900551115	3076	S	265	36	301	0.00001
UBA2856 sp009696445	5797	S	1248	15	1263	0.00003
GCA-900066135 sp900543575	4413	S	562	35	597	0.00001
MGYG000004839	6057	S	213	67	280	0.00001
UBA11774 sp003507655	800	S	734	251	985	0.00002
MGYG000003578	4693	S	319	51	370	0.00001
MGYG000004039	5204	S	170	50	220	0.00001
MGYG000004169	5353	S	147	104	251	0.00001
MGYG000000626	1176	S	596	60	656	0.00002
UBA2882 sp900549665	1011	S	571	164	735	0.00002
CAG-590 sp900548855	2677	S	245	125	370	0.00001
CAG-590 sp900544905	5084	S	224	26	250	0.00001
MGYG000000356	697	S	462	164	626	0.00001
Anaerosacchariphilus sp002160765	4936	S	354	71	425	0.00001
Anaerosacchariphilus sp014290175	2954	S	29	13	42	0.00000
MGYG000000721	1306	S	373	29	402	0.00001
CAG-791 sp900315055	4735	S	209	0	209	0.00000
CAG-791 sp000431495	1141	S	50	1	51	0.00000
Oribacterium sp004554245	1052	S	13	86	99	0.00000
MGYG000003442	4535	S	12	55	67	0.00000
Oribacterium sp900770445	4714	S	12	40	52	0.00000
MGYG000002243	3194	S	10	23	33	0.00000
MGYG000002075	3004	S	235	41	276	0.00001
CAG-882 sp900545175	5079	S	145	24	169	0.00000
CAG-882 sp900545455	3064	S	43	5	48	0.00000
Butyrivibrio_A sp900768755	4600	S	80	1	81	0.00000
Butyrivibrio_A sp000431815	956	S	61	6	67	0.00000
CAG-411 sp000437275	1722	S	139	96	235	0.00001
MGYG000004774	5992	S	137	10	147	0.00000
MGYG000000574	1099	S	128	27	155	0.00000
Dorea_B phocaeensis	2451	S	122	41	163	0.00000
CAG-194 sp000432915	5802	S	115	13	128	0.00000
MGYG000004519	5724	S	109	5	114	0.00000
MGYG000000378	751	S	104	10	114	0.00000
MGYG000003970	5131	S	99	38	137	0.00000
MGYG000000361	709	S	94	9	103	0.00000
MGYG000004380	5575	S	86	8	94	0.00000
CAG-317 sp900543415	1715	S	44	36	80	0.00000
CAG-317 sp000433535	2548	S	20	21	41	0.00000
MGYG000000346	676	S	81	5	86	0.00000
MGYG000003769	4919	S	80	7	87	0.00000
MGYG000004884	6104	S	75	1	76	0.00000
Robinsoniella sp900540475	1703	S	74	0	74	0.00000
Merdimonas sp900553355	1615	S	67	17	84	0.00000
MGYG000004781	5998	S	32	20	52	0.00000
UMGS680 sp900544525	1620	S	9	6	15	0.00000
MGYG000002210	3153	S	62	16	78	0.00000
MGYG000004879	6100	S	60	7	67	0.00000
Massilistercora timonensis	3145	S	60	11	71	0.00000
MGYG000002052	2981	S	46	0	46	0.00000
Anaerocolumna aminovalerica	3880	S	45	0	45	0.00000
UMGS1472 sp900552095	1844	S	37	2	39	0.00000
MGYG000003273	4348	S	36	7	43	0.00000
MGYG000000387	768	S	36	1	37	0.00000
MGYG000004660	5871	S	30	0	30	0.00000
Frisingicoccus sp900757195	5759	S	27	0	27	0.00000
RUG14107 sp900772685	3680	S	26	0	26	0.00000
MGYG000000578	1106	S	10	0	10	0.00000
Anaerotignum faecicola	423	S	60321	75614	135935	0.00318
Anaerotignum lactatifermentans	2705	S	6728	53818	60546	0.00142
Anaerotignum sp001304995	117	S	3533	29129	32662	0.00076
MGYG000002623	3640	S	121	599	720	0.00002
UMGS1670 sp900548595	5852	S	37015	5439	42454	0.00099
UMGS1670 sp900546215	5479	S	125	3	128	0.00000
UMGS1670 sp900553995	831	S	99	2	101	0.00000
UMGS1441 sp900551755	1839	S	1776	34	1810	0.00004
MGYG000001833	2718	S	5	0	5	0.00000
CAG-274 sp000432155	1814	S	326	12	338	0.00001
MGYG000004775	5993	S	735	179	914	0.00002
NSJ-32 sp014384895	4274	S	144	77	221	0.00001
MGYG000001033	1672	S	6	0	6	0.00000
Niameybacter sp900549765	1617	S	11	0	11	0.00000
Faecalibacterium prausnitzii	1996	S	39691	90492	130183	0.00305
Faecalibacterium prausnitzii_G	3565	S	23887	39694	63581	0.00149
Faecalibacterium prausnitzii_I	3235	S	14950	9870	24820	0.00058
Faecalibacterium prausnitzii_D	3233	S	9806	16392	26198	0.00061
Faecalibacterium sp900539945	5056	S	2602	1831	4433	0.00010
Faecalibacterium sp900551435	4802	S	910	174	1084	0.00003
MGYG000000876	1493	S	514	1144	1658	0.00004
Faecalibacterium prausnitzii_C	132	S	420	586	1006	0.00002
Faecalibacterium sp003449675	3660	S	311	459	770	0.00002
Faecalibacterium sp900758465	2969	S	215	133	348	0.00001
Faecalibacterium prausnitzii_J	3636	S	173	238	411	0.00001
Faecalibacterium sp900765105	5531	S	135	44	179	0.00000
MGYG000002610	3630	S	122	82	204	0.00000
Faecalibacterium sp900539885	4216	S	120	96	216	0.00001
Faecalibacterium sp900540455	3171	S	84	20	104	0.00000
MGYG000002223	3170	S	82	94	176	0.00000
UBA1394 sp900066845	233	S	11428	3313	14741	0.00035
MGYG000004304	5499	S	78	2	80	0.00000
UBA1394 sp900554975	5674	S	16	3	19	0.00000
Gemmiger formicilis	265	S	3112	6099	9211	0.00022
Gemmiger variabilis	2026	S	2036	1221	3257	0.00008
Gemmiger sp900539695	2477	S	70	36	106	0.00000
MGYG000004732	5946	S	15	1	16	0.00000
Gemmiger sp900540595	5075	S	13	14	27	0.00000
Gemmiger sp900548355	1538	S	13	0	13	0.00000
Gemmiger variabilis_A	1097	S	9	5	14	0.00000
Gemmiger sp900540775	1810	S	9	12	21	0.00000
Gemmiger sp900556255	1646	S	4	2	6	0.00000
MGYG000000724	1310	S	1	0	1	0.00000
CAG-353 sp900066885	272	S	3878	2207	6085	0.00014
CAG-353 sp900768995	836	S	10	0	10	0.00000
Ruminococcus_D sp900539835	3921	S	762	71	833	0.00002
Ruminococcus_D sp000434695	5478	S	680	96	776	0.00002
Ruminococcus_D sp900543145	2810	S	188	17	205	0.00000
Ruminococcus_D sp900770285	4703	S	110	22	132	0.00000
Ruminococcus_D sp900539095	1864	S	23	4	27	0.00000
Massilioclostridium methylpentosum	2039	S	1682	310	1992	0.00005
Anaerotruncus rubiinfantis	353	S	1204	163	1367	0.00003
Harryflintia acetispora	3405	S	858	403	1261	0.00003
UBA5884 sp900551505	5542	S	775	7	782	0.00002
MGYG000004517	5721	S	9	0	9	0.00000
MGYG000004586	5793	S	282	46	328	0.00001
Ruminococcus_C sp000437175	5472	S	174	61	235	0.00001
Ruminococcus_C sp900765125	4414	S	85	41	126	0.00000
UMGS966 sp900547185	3722	S	223	64	287	0.00001
MGYG000003299	4376	S	4	1	5	0.00000
CAG-115 sp900768705	4595	S	85	5	90	0.00000
CAG-115 sp000432175	2985	S	22	2	24	0.00000
CAG-115 sp003507295	1086	S	13	4	17	0.00000
CAG-115 sp003516865	2926	S	11	0	11	0.00000
CAG-115 sp900768125	959	S	9	1	10	0.00000
CAG-115 sp900766795	4508	S	5	0	5	0.00000
CAG-115 sp003531585	711	S	4	0	4	0.00000
MGYG000004384	5580	S	79	15	94	0.00000
MGYG000003005	4060	S	17	4	21	0.00000
Ruminococcus sp900761275	2539	S	15	4	19	0.00000
MGYG000004057	5222	S	7	0	7	0.00000
MGYG000004598	5807	S	7	0	7	0.00000
Ruminococcus sp900540005	2627	S	3	0	3	0.00000
MGYG000002677	3707	S	56	5	61	0.00000
UBA3818 sp900557155	3716	S	32	11	43	0.00000
MGYG000002708	3744	S	25	45	70	0.00000
MGYG000004849	6065	S	96	24	120	0.00000
MGYG000002089	3014	S	1	0	1	0.00000
UMGS1601 sp900545345	4146	S	57	1	58	0.00000
UMGS1601 sp900553335	5437	S	5	0	5	0.00000
MGYG000001106	1760	S	34	3	37	0.00000
Pygmaiobacter massiliensis	633	S	18	0	18	0.00000
Ruminiclostridium_E sp900539195	5004	S	8	19	27	0.00000
Ruminiclostridium_E sp003512525	2781	S	7	17	24	0.00000
Negativibacillus sp900547015	3061	S	13	3	16	0.00000
Negativibacillus sp900547455	5854	S	12	1	13	0.00000
Negativibacillus sp000435195	1696	S	5	1	6	0.00000
MGYG000004791	6009	S	17	2	19	0.00000
Ruthenibacterium sp900759375	5324	S	8	2	10	0.00000
Ruthenibacterium sp900546885	3091	S	2	0	2	0.00000
MGYG000004184	5372	S	27	12	39	0.00000
UMGS1889 sp900556055	1015	S	11	0	11	0.00000
MGYG000002221	3168	S	9	1	10	0.00000
UMGS363 sp900768245	5822	S	10	2	12	0.00000
UMGS363 sp900550695	3222	S	2	1	3	0.00000
MGYG000003858	5018	S	2	1	3	0.00000
UBA866 sp900543295	2440	S	14	5	19	0.00000
MGYG000002017	2937	S	13	2	15	0.00000
QAMM01 sp900552945	4393	S	6	3	9	0.00000
QAMM01 sp003150405	4996	S	4	0	4	0.00000
Angelakisella sp900552845	3032	S	9	1	10	0.00000
Angelakisella sp900547385	5290	S	1	0	1	0.00000
MGYG000000425	838	S	5	0	5	0.00000
HGM13233 sp900762805	5280	S	5	0	5	0.00000
UBA1409 sp900760125	2499	S	5	0	5	0.00000
Ruminococcus_E bromii	3489	S	86757	45043	131800	0.00309
Ruminococcus_E sp900755995	1730	S	808	626	1434	0.00003
MGYG000003112	4153	S	49	5	54	0.00000
Ruminococcus_E sp900314705	5150	S	11	0	11	0.00000
CAG-180 sp900540295	4221	S	19914	301	20215	0.00047
MGYG000003752	4900	S	75	10	85	0.00000
MGYG000003557	4666	S	7	0	7	0.00000
Caproiciproducens sp000752215	2268	S	12706	140	12846	0.00030
Caproiciproducens sp900546895	3982	S	56	0	56	0.00000
Pseudoruminococcus massiliensis	166	S	11184	8909	20093	0.00047
Pseudoruminococcus sp902765855	796	S	78	6	84	0.00000
HGM12814 sp900770165	4696	S	8995	1410	10405	0.00024
MGYG000004076	5244	S	3493	229	3722	0.00009
MGYG000004159	5342	S	1913	354	2267	0.00005
MGYG000000388	770	S	4	0	4	0.00000
Clostridium_E merdae	3417	S	228	302	530	0.00001
Clostridium_E jeddahense	2252	S	174	3527	3701	0.00009
Clostridium_E sporosphaeroides	592	S	6	153	159	0.00000
Marseille-P4683 sp900232885	350	S	3298	2106	5404	0.00013
An172 sp002160515	1545	S	2999	228	3227	0.00008
Clostridium_A leptum	228	S	1651	922	2573	0.00006
MGYG000003872	5029	S	117	8	125	0.00000
MGYG000003768	4918	S	5	0	5	0.00000
Eubacterium_R sp900540305	4211	S	578	158	736	0.00002
Eubacterium_R sp002493325	1752	S	81	16	97	0.00000
MGYG000000443	874	S	79	27	106	0.00000
Eubacterium_R sp900540235	3218	S	31	4	35	0.00000
Eubacterium_R sp900539775	889	S	22	3	25	0.00000
Eubacterium_R sp900767025	4530	S	15	4	19	0.00000
Eubacterium_R sp000436835	1201	S	13	5	18	0.00000
Eubacterium_R sp014465955	5901	S	9	0	9	0.00000
MGYG000001572	2412	S	4	0	4	0.00000
Eubacterium_R sp900547915	4101	S	4	0	4	0.00000
Eubacterium_R sp900764665	3808	S	4	0	4	0.00000
Eubacterium_R sp900542875	1893	S	3	0	3	0.00000
Eubacterium_R sp900766895	4521	S	3	0	3	0.00000
Eubacterium_R sp900555015	1567	S	2	0	2	0.00000
Acutalibacter sp900755895	1729	S	697	678	1375	0.00003
MGYG000004807	6025	S	13	4	17	0.00000
Acutalibacter sp900548545	5935	S	11	1	12	0.00000
MGYG000001979	2898	S	3	0	3	0.00000
Acutalibacter sp900543305	3131	S	3	0	3	0.00000
Acutalibacter sp000432995	2658	S	2	0	2	0.00000
CAG-177 sp900771185	4764	S	154	30	184	0.00000
CAG-177 sp003538135	5450	S	39	34	73	0.00000
CAG-177 sp000431775	2917	S	24	11	35	0.00000
CAG-177 sp003514385	1309	S	5	2	7	0.00000
RUG420 sp900542575	4202	S	209	21	230	0.00001
RUG420 sp900771085	4751	S	2	0	2	0.00000
CAG-488 sp900539465	3846	S	133	1	134	0.00000
CAG-488 sp900554995	4586	S	13	3	16	0.00000
CAG-488 sp003486665	5607	S	13	2	15	0.00000
UMGS1071 sp900541905	5295	S	80	23	103	0.00000
MGYG000004873	6093	S	24	0	24	0.00000
UMGS1071 sp900548305	4103	S	22	12	34	0.00000
UMGS1071 sp900542375	5429	S	13	1	14	0.00000
UBA5905 sp004558485	5282	S	93	15	108	0.00000
UBA5905 sp900549155	2957	S	3	0	3	0.00000
UBA5905 sp900764115	3060	S	3	0	3	0.00000
UBA5905 sp900763035	3019	S	2	0	2	0.00000
UBA5905 sp002437905	2847	S	1	0	1	0.00000
MGYG000004560	5769	S	30	8	38	0.00000
MGYG000004543	5749	S	20	2	22	0.00000
UBA737 sp900543215	1799	S	10	7	17	0.00000
UBA737 sp900554525	4040	S	5	1	6	0.00000
UBA737 sp900549755	895	S	4	7	11	0.00000
UBA737 sp002431945	5382	S	4	1	5	0.00000
UBA737 sp900549055	1908	S	3	1	4	0.00000
UBA737 sp900754145	2903	S	3	0	3	0.00000
UBA737 sp900768035	4569	S	3	0	3	0.00000
MGYG000001837	2723	S	2	0	2	0.00000
UBA737 sp900769375	4644	S	1	0	1	0.00000
MGYG000003887	5045	S	65	33	98	0.00000
MGYG000004131	5312	S	10	0	10	0.00000
UBA1691 sp900549825	1427	S	61	10	71	0.00000
UBA1691 sp900552985	3136	S	2	0	2	0.00000
UMGS905 sp900540085	3893	S	53	15	68	0.00000
UMGS1976 sp900769535	4654	S	48	0	48	0.00000
MGYG000003863	5022	S	40	22	62	0.00000
Hydrogeniiclostridium sp900550095	3899	S	4	0	4	0.00000
UMGS1491 sp900552265	1600	S	29	1	30	0.00000
UMGS1491 sp900757335	1779	S	12	1	13	0.00000
UMGS1532 sp900552605	1556	S	39	8	47	0.00000
MGYG000004229	5421	S	37	6	43	0.00000
UMGS1279 sp900761625	4311	S	16	2	18	0.00000
MGYG000000704	1280	S	7	0	7	0.00000
UBA1417 sp003531055	4782	S	13	13	26	0.00000
UBA1417 sp002305575	6107	S	7	1	8	0.00000
UMGS1397 sp900551425	5996	S	9	2	11	0.00000
UMGS1397 sp900761355	4304	S	8	2	10	0.00000
Anaeromassilibacillus sp002159845	3070	S	13	6	19	0.00000
UBA6857 sp900767015	4524	S	6	0	6	0.00000
UBA6857 sp900768075	4571	S	3	0	3	0.00000
UBA6857 sp900555805	3199	S	1	0	1	0.00000
MGYG000004727	5940	S	10	0	10	0.00000
RUG806 sp900313475	4583	S	10	3	13	0.00000
UBA1227 sp900545655	4386	S	8	0	8	0.00000
MGYG000002702	3738	S	8	1	9	0.00000
DTU089 sp002440045	1677	S	7	0	7	0.00000
MGYG000003211	4268	S	7	1	8	0.00000
UBA945 sp900549675	627	S	7	0	7	0.00000
MGYG000002038	2966	S	7	0	7	0.00000
UMGS1474 sp900552115	5486	S	6	0	6	0.00000
MGYG000004032	5196	S	5	0	5	0.00000
MGYG000004322	5517	S	5	0	5	0.00000
MGYG000004892	6113	S	5	0	5	0.00000
UMGS1487 sp900552225	4354	S	4	0	4	0.00000
UMGS856 sp900760305	2506	S	3	1	4	0.00000
UBA1081 sp900543395	3216	S	2	0	2	0.00000
MGYG000000505	989	S	2	0	2	0.00000
MGYG000003841	5000	S	1	0	1	0.00000
UMGS403 sp900540865	3095	S	1	0	1	0.00000
Lawsonibacter sp900066825	229	S	5867	12635	18502	0.00043
Lawsonibacter asaccharolyticus	2306	S	2050	943	2993	0.00007
Lawsonibacter sp014287875	273	S	1310	2373	3683	0.00009
Lawsonibacter sp900763995	4388	S	24	1	25	0.00000
Lawsonibacter sp900553135	2441	S	9	0	9	0.00000
Lawsonibacter sp900766145	3608	S	7	0	7	0.00000
Lawsonibacter sp900549405	6050	S	1	0	1	0.00000
CAG-110 sp900544945	4493	S	3610	2414	6024	0.00014
CAG-110 sp003525905	2989	S	521	91	612	0.00001
CAG-110 sp900769995	4685	S	180	1	181	0.00000
CAG-110 sp900553805	5389	S	90	2	92	0.00000
CAG-110 sp900554625	4105	S	86	40	126	0.00000
CAG-110 sp900544705	1297	S	48	10	58	0.00000
CAG-110 sp000435995	5535	S	32	5	37	0.00000
CAG-110 sp900762245	4343	S	17	0	17	0.00000
CAG-110 sp900556935	3210	S	14	0	14	0.00000
MGYG000002255	3211	S	13	0	13	0.00000
CAG-110 sp900752285	2625	S	9	1	10	0.00000
MGYG000000710	1290	S	8	0	8	0.00000
CAG-110 sp000434635	1337	S	8	2	10	0.00000
CAG-110 sp900547405	982	S	5	0	5	0.00000
CAG-110 sp900769835	4670	S	3	0	3	0.00000
MGYG000000736	1329	S	3	0	3	0.00000
CAG-110 sp900544405	4368	S	3	0	3	0.00000
CAG-110 sp900554705	3203	S	1	0	1	0.00000
CAG-110 sp900548795	3835	S	1	0	1	0.00000
Evtepia gabavorous	3450	S	1953	671	2624	0.00006
Evtepia sp900546255	5346	S	20	2	22	0.00000
Evtepia sp004556345	1889	S	4	0	4	0.00000
Evtepia sp900758955	1902	S	4	0	4	0.00000
MGYG000000739	1333	S	2	0	2	0.00000
CAG-83 sp000435555	3759	S	1710	774	2484	0.00006
CAG-83 sp900549395	3762	S	144	67	211	0.00000
CAG-83 sp003487665	3834	S	40	5	45	0.00000
CAG-83 sp900545585	3078	S	18	4	22	0.00000
CAG-83 sp900545495	1494	S	9	1	10	0.00000
CAG-83 sp900556015	5678	S	8	0	8	0.00000
CAG-83 sp900756715	5266	S	6	0	6	0.00000
CAG-83 sp900551995	3079	S	6	0	6	0.00000
CAG-83 sp001916855	5384	S	5	1	6	0.00000
CAG-83 sp900552725	1278	S	4	1	5	0.00000
CAG-83 sp900547745	5691	S	4	0	4	0.00000
CAG-83 sp900552475	5237	S	3	1	4	0.00000
CAG-83 sp900550615	2602	S	3	0	3	0.00000
CAG-83 sp902388735	3615	S	1	0	1	0.00000
Dysosmobacter sp900770295	4704	S	1106	127	1233	0.00003
MGYG000002680	3709	S	66	23	89	0.00000
MGYG000003910	5064	S	59	5	64	0.00000
Dysosmobacter sp900546705	1539	S	41	1	42	0.00000
Dysosmobacter sp900556925	1425	S	38	12	50	0.00000
MGYG000002229	3176	S	30	3	33	0.00000
Dysosmobacter sp900544615	1455	S	14	4	18	0.00000
MGYG000002704	3740	S	14	5	19	0.00000
Dysosmobacter sp900548505	3711	S	12	4	16	0.00000
Dysosmobacter sp900551885	2861	S	7	0	7	0.00000
Dysosmobacter sp001916835	2986	S	6	3	9	0.00000
Dysosmobacter sp900550685	6001	S	5	1	6	0.00000
Dysosmobacter sp004553545	5894	S	5	1	6	0.00000
Dysosmobacter sp900763685	3047	S	1	0	1	0.00000
Pseudoflavonifractor capillosus	231	S	1318	776	2094	0.00005
Oscillibacter ruminantium	4021	S	696	2	698	0.00002
MGYG000002727	3767	S	569	116	685	0.00002
CAG-103 sp900317855	1500	S	295	155	450	0.00001
CAG-103 sp000432375	5730	S	110	70	180	0.00000
MGYG000002753	3791	S	22	8	30	0.00000
CAG-103 sp900543625	1791	S	12	2	14	0.00000
CAG-103 sp004556965	1687	S	9	1	10	0.00000
UBA9475 sp900549885	3701	S	185	41	226	0.00001
UBA9475 sp900554075	5937	S	10	1	11	0.00000
UBA1777 sp900549545	2859	S	34	9	43	0.00000
MGYG000004062	5227	S	25	2	27	0.00000
MGYG000000746	1342	S	12	2	14	0.00000
UBA1777 sp900547315	5311	S	9	12	21	0.00000
MGYG000003938	5092	S	9	5	14	0.00000
UBA1777 sp900754515	1907	S	8	2	10	0.00000
MGYG000004139	5321	S	3	1	4	0.00000
UBA1777 sp900549865	1850	S	3	0	3	0.00000
UBA1777 sp900549645	4981	S	3	4	7	0.00000
MGYG000001028	1665	S	1	0	1	0.00000
MGYG000004068	5234	S	101	10	111	0.00000
MGYG000002828	3872	S	2	0	2	0.00000
MGYG000004327	5522	S	56	13	69	0.00000
F23-B02 sp000431075	5388	S	4	0	4	0.00000
F23-B02 sp900760205	2500	S	2	0	2	0.00000
F23-B02 sp002472405	2824	S	2	2	4	0.00000
F23-B02 sp900772725	3681	S	2	1	3	0.00000
F23-B02 sp900556535	3752	S	1	0	1	0.00000
F23-B02 sp004558025	5883	S	1	0	1	0.00000
CAG-170 sp900751035	4790	S	33	6	39	0.00000
MGYG000004702	5913	S	21	4	25	0.00000
CAG-170 sp000432135	4049	S	12	4	16	0.00000
CAG-170 sp900555665	1498	S	1	0	1	0.00000
MGYG000004686	5897	S	38	18	56	0.00000
MGYG000002067	2996	S	25	8	33	0.00000
MGYG000002071	2999	S	3	1	4	0.00000
MGYG000004206	5394	S	27	3	30	0.00000
ER4 sp900763705	3049	S	18	8	26	0.00000
ER4 sp900317525	3751	S	2	1	3	0.00000
ER4 sp900768135	1353	S	1	0	1	0.00000
ER4 sp900546295	5685	S	1	0	1	0.00000
UMGS1872 sp900555795	4975	S	17	0	17	0.00000
MGYG000002213	3155	S	6	2	8	0.00000
UMGS1872 sp902373635	1973	S	2	0	2	0.00000
MGYG000002068	2997	S	15	0	15	0.00000
MGYG000000377	749	S	8	0	8	0.00000
UBA738 sp004557735	1807	S	5	0	5	0.00000
UBA738 sp003522945	5319	S	4	0	4	0.00000
UBA738 sp900763675	2962	S	3	0	3	0.00000
MGYG000000735	1328	S	2	0	2	0.00000
NK3B98 sp900545815	5446	S	7	1	8	0.00000
NK3B98 sp900758315	1867	S	4	2	6	0.00000
MGYG000002696	3731	S	13	1	14	0.00000
MGYG000004811	6030	S	12	3	15	0.00000
MGYG000003869	5026	S	8	0	8	0.00000
UBA5446 sp900752445	6051	S	3	0	3	0.00000
UBA5446 sp900544765	3885	S	2	0	2	0.00000
UBA5446 sp900545405	5766	S	2	0	2	0.00000
HGM12998 sp900756495	5242	S	7	0	7	0.00000
Marseille-P3106 sp900169975	5323	S	5	0	5	0.00000
MGYG000003297	4374	S	3	0	3	0.00000
MGYG000003289	4364	S	1	0	1	0.00000
Agathobaculum butyriciproducens	432	S	7854	7711	15565	0.00036
Agathobaculum sp900555465	3074	S	45	28	73	0.00000
Agathobaculum sp900557315	1452	S	31	10	41	0.00000
Agathobaculum sp900544475	1768	S	12	1	13	0.00000
MGYG000002627	3644	S	182	6	188	0.00000
MGYG000002604	3623	S	4	0	4	0.00000
MGYG000004122	5302	S	2	0	2	0.00000
MGYG000003305	4383	S	70	1	71	0.00000
MGYG000004857	6076	S	51	1	52	0.00000
Butyricicoccus_A sp002395695	1774	S	47	12	59	0.00000
MGYG000003907	5061	S	41	2	43	0.00000
MGYG000001891	2787	S	17	0	17	0.00000
HGM12669 sp900761935	5440	S	3709	1508	5217	0.00012
MGYG000001133	1788	S	27	11	38	0.00000
UMGS911 sp003343545	3700	S	1204	164	1368	0.00003
MGYG000000386	766	S	19	4	23	0.00000
UMGS911 sp900545935	3761	S	8	1	9	0.00000
Firm-07 sp900770145	4697	S	476	200	676	0.00002
MGYG000004035	5200	S	212	113	325	0.00001
UMGS1815 sp900555345	6028	S	2	0	2	0.00000
MGYG000000719	1303	S	167	9	176	0.00000
MGYG000001879	2771	S	5	1	6	0.00000
UMGS1312 sp900550625	5134	S	85	101	186	0.00000
CAG-724 sp900551005	4131	S	58	49	107	0.00000
MGYG000000750	1348	S	10	9	19	0.00000
QALR01 sp900552255	3705	S	26	7	33	0.00000
QALR01 sp900542425	4120	S	26	1	27	0.00000
QALR01 sp900553085	5675	S	1	0	1	0.00000
UMGS1696 sp900763885	3055	S	54	3	57	0.00000
UMGS1696 sp900554225	919	S	2	0	2	0.00000
MGYG000004722	5934	S	36	7	43	0.00000
MGYG000000352	691	S	5	0	5	0.00000
UMGS1865 sp900547725	4551	S	23	12	35	0.00000
UMGS1865 sp900555785	822	S	9	3	12	0.00000
MGYG000000350	687	S	24	5	29	0.00000
UMGS902 sp003343845	2977	S	9	2	11	0.00000
UMGS902 sp900546635	1514	S	6	2	8	0.00000
UMGS902 sp900761025	5402	S	3	0	3	0.00000
MGYG000003839	4997	S	1	0	1	0.00000
MGYG000004098	5273	S	1	0	1	0.00000
CAG-841 sp002479075	3219	S	6	1	7	0.00000
CAG-841 sp000437375	908	S	2	2	4	0.00000
UBA11512 sp003522145	5125	S	5	2	7	0.00000
CAG-390 sp900753295	1202	S	1	0	1	0.00000
MGYG000004624	5834	S	1	1	2	0.00000
CAG-272 sp000433515	5293	S	2	0	2	0.00000
UMGS874 sp900546315	3913	S	2	0	2	0.00000
HGM12657 sp900760575	4284	S	1	0	1	0.00000
UBA644 sp002299265	1950	S	4849	886	5735	0.00013
HGM12619 sp900753195	2759	S	30	3	33	0.00000
MGYG000004033	5198	S	16	1	17	0.00000
UMGS882 sp900546385	937	S	589	29	618	0.00001
MGYG000004231	5423	S	4	0	4	0.00000
UMGS882 sp900757905	721	S	2	0	2	0.00000
UMGS1052 sp900548115	3963	S	53	12	65	0.00000
MGYG000004125	5305	S	3	2	5	0.00000
QAMX01 sp004555605	2992	S	225	14	239	0.00001
QAMX01 sp003149835	5920	S	185	2	187	0.00000
MGYG000004100	5275	S	9	1	10	0.00000
MGYG000002005	2923	S	6	0	6	0.00000
MGYG000004760	5978	S	8	1	9	0.00000
QAKW01 sp003343605	2812	S	7	0	7	0.00000
Peptostreptococcus russellii_A	2445	S	18448	3662	22110	0.00052
Peptostreptococcus anaerobius	594	S	32	18	50	0.00000
Peptostreptococcus sp900759325	1899	S	2	0	2	0.00000
Terrisporobacter sp902363255	297	S	736	1402	2138	0.00005
Terrisporobacter glycolicus_A	81	S	104	99	203	0.00000
Clostridioides difficile	3350	S	75	1080	1155	0.00003
Clostridioides difficile_A	3351	S	5	54	59	0.00000
Intestinibacter bartlettii	215	S	635	79	714	0.00002
Paraclostridium sordellii	392	S	36	290	326	0.00001
Paraclostridium bifermentans	137	S	14	100	114	0.00000
Peptacetobacter hiranonis	2024	S	171	23	194	0.00000
Peptacetobacter sp900539645	3897	S	45	4	49	0.00000
Peptacetobacter sp900550335	1897	S	1	0	1	0.00000
GCA-900066495 sp902362365	65	S	86	106	192	0.00000
GCA-900066495 sp900066495	194	S	13	8	21	0.00000
Romboutsia timonensis	3584	S	8	7	15	0.00000
BX12 sp902363595	345	S	3508	929	4437	0.00010
BX12 sp014333425	4267	S	40	3	43	0.00000
UBA1191 sp900066305	176	S	589	833	1422	0.00003
UBA1191 sp900543485	4009	S	357	352	709	0.00002
MGYG000004481	5684	S	106	18	124	0.00000
UBA1191 sp900549125	5178	S	12	1	13	0.00000
MGYG000003623	4744	S	5	0	5	0.00000
MGYG000003324	4405	S	1041	649	1690	0.00004
VUNA01 sp002299625	5132	S	572	54	626	0.00001
Bacilliculturomica massiliensis	299	S	1059	25	1084	0.00003
Emergencia timonensis	2383	S	523	331	854	0.00002
Emergencia sp900551775	3135	S	34	3	37	0.00000
MGYG000004123	5303	S	121	31	152	0.00000
CAG-145 sp900542565	2789	S	55	12	67	0.00000
MGYG000004863	6082	S	11	0	11	0.00000
CAG-145 sp900754795	5359	S	3	0	3	0.00000
CAG-238 sp900551415	1229	S	70	5	75	0.00000
S5-A14a sp900553025	4855	S	69	24	93	0.00000
Eubacterium_T sp900766045	3619	S	17	0	17	0.00000
MGYG000001953	2867	S	15	2	17	0.00000
Mobilibacterium timonense	1143	S	13	1	14	0.00000
UMGS973 sp900547295	1849	S	9	0	9	0.00000
Alterileibacterium massiliense	4895	S	1	0	1	0.00000
MGYG000003743	4889	S	5	0	5	0.00000
Criibacterium bergeronii	4902	S	1	0	1	0.00000
CAG-245 sp900761475	5545	S	13082	2877	15959	0.00037
MGYG000000732	1325	S	277	249	526	0.00001
MGYG000004449	5649	S	50	16	66	0.00000
CAG-245 sp900758165	5896	S	6	1	7	0.00000
CAG-492 sp000434335	5430	S	3169	681	3850	0.00009
MGYG000004904	6125	S	100	73	173	0.00000
CAG-492 sp900557195	1605	S	66	50	116	0.00000
CAG-269 sp900754285	2908	S	620	144	764	0.00002
MGYG000004458	5658	S	553	133	686	0.00002
CAG-269 sp003525075	4578	S	378	195	573	0.00001
CAG-269 sp900551615	1404	S	317	170	487	0.00001
CAG-269 sp900555615	4359	S	182	103	285	0.00001
CAG-269 sp000431335	1764	S	158	76	234	0.00001
MGYG000000738	1331	S	124	30	154	0.00000
MGYG000004800	6018	S	109	31	140	0.00000
MGYG000004411	5605	S	101	18	119	0.00000
CAG-269 sp900753165	2854	S	27	23	50	0.00000
CAG-269 sp900554365	4132	S	27	2	29	0.00000
MGYG000000656	1210	S	12	4	16	0.00000
CAG-269 sp900552555	1468	S	11	6	17	0.00000
MGYG000004103	5278	S	10	2	12	0.00000
MGYG000001739	2607	S	5	0	5	0.00000
MGYG000000432	853	S	5	2	7	0.00000
CAG-269 sp000435535	1838	S	4	2	6	0.00000
CAG-269 sp001916065	3601	S	4	2	6	0.00000
CAG-269 sp900554565	1841	S	3	0	3	0.00000
CAG-269 sp900762425	4356	S	2	0	2	0.00000
CAG-354 sp900555085	3592	S	414	75	489	0.00001
CAG-354 sp900759015	1878	S	62	11	73	0.00000
MGYG000000384	762	S	3	0	3	0.00000
MGYG000004119	5299	S	2	0	2	0.00000
CAG-354 sp900754085	5551	S	1	0	1	0.00000
MGYG000001861	2749	S	201	111	312	0.00001
HGM13634 sp900770385	952	S	1	0	1	0.00000
MGYG000002201	3143	S	170	19	189	0.00000
UMGS1781 sp900553695	2496	S	6	58	64	0.00000
UMGS1781 sp900553365	5366	S	5	50	55	0.00000
UMGS1781 sp900555075	2776	S	4	42	46	0.00000
UMGS1663 sp900553405	3838	S	98	25	123	0.00000
UMGS1663 sp900553865	2494	S	1	0	1	0.00000
MGYG000004594	5803	S	1	0	1	0.00000
UMGS1933 sp900772235	4796	S	93	128	221	0.00001
MGYG000002797	3837	S	86	15	101	0.00000
CAG-273 sp003507395	732	S	30	2	32	0.00000
MGYG000004539	5744	S	21	1	22	0.00000
CAG-273 sp000438355	5513	S	7	0	7	0.00000
MGYG000004477	5680	S	2	0	2	0.00000
MGYG000004078	5247	S	1	0	1	0.00000
MGYG000000423	835	S	25	6	31	0.00000
UBA7001 sp900768805	4601	S	10	0	10	0.00000
MGYG000004073	5240	S	2	0	2	0.00000
UMGS1994 sp900556975	3851	S	27	2	29	0.00000
MGYG000003781	4934	S	19	1	20	0.00000
CAG-452 sp000434035	2535	S	9	4	13	0.00000
CAG-452 sp900770415	5135	S	1	0	1	0.00000
UMGS1901 sp900553755	3113	S	10	3	13	0.00000
CAG-793 sp900557475	5380	S	2	0	2	0.00000
UMGS1864 sp900555835	3226	S	2	0	2	0.00000
UMGS1754 sp900759475	1830	S	2	0	2	0.00000
CAG-465 sp900554875	5089	S	6	0	6	0.00000
MGYG000004306	5501	S	4	1	5	0.00000
MGYG000004427	5623	S	3	0	3	0.00000
CAG-465 sp000433135	2829	S	1	0	1	0.00000
Anaerococcus rubeinfantis	2359	S	2929	1942	4871	0.00011
Anaerococcus senegalensis	2185	S	743	1055	1798	0.00004
Anaerococcus nagyae	3229	S	368	268	636	0.00001
Anaerococcus jeddahensis	2301	S	185	276	461	0.00001
MGYG000003782	4935	S	137	104	241	0.00001
Anaerococcus vaginalis_B	3282	S	94	133	227	0.00001
Anaerococcus sp900541365	4249	S	17	7	24	0.00000
Anaerococcus lactolyticus	4933	S	6	0	6	0.00000
Anaerococcus prevotii	3934	S	6	4	10	0.00000
MGYG000003789	4942	S	3	0	3	0.00000
Anaerococcus octavius	4172	S	1	0	1	0.00000
Peptoniphilus_C sp902363535	352	S	2118	2582	4700	0.00011
Peptoniphilus_C urinimassiliensis	4859	S	1	0	1	0.00000
Lagierella massiliensis	2338	S	1710	146	1856	0.00004
Peptoniphilus_A raoultii	4899	S	729	439	1168	0.00003
Peptoniphilus_A harei_A	334	S	82	264	346	0.00001
Peptoniphilus_A sp900538655	4199	S	75	96	171	0.00000
Peptoniphilus_A harei	1362	S	1	1	2	0.00000
Finegoldia magna	5890	S	1081	1419	2500	0.00006
Finegoldia magna_F	3862	S	2	1	3	0.00000
MGYG000002896	3940	S	1	0	1	0.00000
Neofamilia massiliensis	2320	S	665	403	1068	0.00003
Murdochiella vaginalis	2403	S	235	385	620	0.00001
Murdochiella massiliensis	2375	S	16	23	39	0.00000
Kallipyga massiliensis	3285	S	556	268	824	0.00002
Peptoniphilus_B duerdenii	4906	S	133	119	252	0.00001
MGYG000003778	4931	S	36	29	65	0.00000
Ezakiella coagulans	4883	S	8	0	8	0.00000
Fenollaria massiliensis	4881	S	14	4	18	0.00000
Sporanaerobacter acetigenes	2455	S	757	614	1371	0.00003
CABMKH01 sp902386935	3420	S	478	242	720	0.00002
Tissierella sp002266425	3859	S	15	0	15	0.00000
Sedimentibacter sp003457065	4844	S	5	0	5	0.00000
Clostridium beijerinckii	5878	S	5669	182	5851	0.00014
Clostridium celatum	2184	S	1144	204	1348	0.00003
Clostridium paraputrificum	383	S	663	94	757	0.00002
Clostridium disporicum_A	191	S	567	111	678	0.00002
Clostridium sp900547475	4155	S	103	53	156	0.00000
Clostridium tertium	2033	S	51	4	55	0.00000
Clostridium saudiense	381	S	19	9	28	0.00000
Clostridium sp900769625	4657	S	14	0	14	0.00000
Clostridium sp900539375	1606	S	10	0	10	0.00000
Clostridium sp900540255	1453	S	7	3	10	0.00000
MGYG000004852	6070	S	3	2	5	0.00000
Clostridium_H massiliodielmoense	3393	S	1378	75	1453	0.00003
Clostridium_J senegalense	2155	S	92	237	329	0.00001
Clostridium_J ihumii	2566	S	41	93	134	0.00000
Clostridium_J sp000821305	2265	S	35	166	201	0.00000
Clostridium_J sp902363375	321	S	25	83	108	0.00000
Clostridium_J sp900548455	4191	S	16	11	27	0.00000
Clostridium_P massiliamazoniense	2335	S	660	281	941	0.00002
Clostridium_F niameyense	2303	S	282	33	315	0.00001
Clostridium_F tepidum	4158	S	138	35	173	0.00000
Clostridium_F botulinum	3330	S	6	0	6	0.00000
Clostridium_AA polynesiense	2273	S	160	8	168	0.00000
Clostridium_B sp902809985	3989	S	8	0	8	0.00000
MGYG000003416	4503	S	7	0	7	0.00000
Clostridium_G cochlearium	4188	S	6	0	6	0.00000
Monoglobus pectinilyticus	3424	S	2407	621	3028	0.00007
Monoglobus sp900554105	5918	S	477	238	715	0.00002
Monoglobus sp900542675	3066	S	38	0	38	0.00000
UMGS1326 sp900550775	1887	S	311	4	315	0.00001
UMGS1820 sp900545865	5201	S	13	0	13	0.00000
UMGS1820 sp900769795	4669	S	6	0	6	0.00000
UMGS1820 sp900555375	1885	S	2	1	3	0.00000
UMGS1494 sp900552305	5348	S	8	1	9	0.00000
UMGS1388 sp900551345	4118	S	214	11	225	0.00001
Eubacterium callanderi	338	S	1357	359	1716	0.00004
Anaerofustis sp900549875	1424	S	32	0	32	0.00000
Garciella sp900555725	4838	S	10	0	10	0.00000
MGYG000004193	5381	S	482	26	508	0.00001
MGYG000000674	1239	S	7	0	7	0.00000
MGYG000004439	5639	S	2	0	2	0.00000
MGYG000002685	3718	S	262	22	284	0.00001
UBA9506 sp003506415	1439	S	72	1	73	0.00000
UMGS755 sp900545185	5230	S	57	0	57	0.00000
MGYG000004845	6062	S	23	1	24	0.00000
MGYG000002713	3749	S	17	1	18	0.00000
UMGS1883 sp900763305	5414	S	305	4	309	0.00001
UMGS1851 sp900555605	2656	S	93	0	93	0.00000
UMGS1537 sp900552695	2530	S	14	4	18	0.00000
MGYG000000455	892	S	7	0	7	0.00000
MGYG000000728	1319	S	52	2	54	0.00000
HGM11507 sp900761005	2528	S	105	51	156	0.00000
UMGS1840 sp900555525	2793	S	10	0	10	0.00000
MGYG000002719	3758	S	59	10	69	0.00000
MGYG000004133	5315	S	29	1	30	0.00000
KA00274 sp902373515	1965	S	9	0	9	0.00000
UMGS687 sp900545735	2853	S	6626	2628	9254	0.00022
UMGS687 sp900544595	2857	S	32	4	36	0.00000
MGYG000000459	900	S	380	60	440	0.00001
MGYG000004882	6103	S	182	31	213	0.00000
UBA11517 sp900555365	1586	S	126	13	139	0.00000
MGYG000001853	2741	S	15	0	15	0.00000
UBA11517 sp003522085	1482	S	14	1	15	0.00000
MGYG000004512	5716	S	195	16	211	0.00000
MGYG000000751	1350	S	154	50	204	0.00000
UMGS1470 sp900766395	1247	S	14	1	15	0.00000
UMGS2069 sp900557585	3105	S	10	1	11	0.00000
HGM11367 sp900767835	4556	S	7	4	11	0.00000
SFDB01 sp004558825	1301	S	2339	673	3012	0.00007
UMGS693 sp900544555	5003	S	734	41	775	0.00002
UMGS1241 sp900540495	1561	S	526	159	685	0.00002
UMGS1241 sp900549955	1513	S	3	0	3	0.00000
UMGS1241 sp900550525	5367	S	2	0	2	0.00000
UMGS946 sp900547135	4144	S	75	37	112	0.00000
UMGS946 sp900544965	5236	S	25	13	38	0.00000
CAG-1024 sp000432015	1492	S	14	3	17	0.00000
UBA1685 sp002320595	1786	S	4	0	4	0.00000
MGYG000003526	4632	S	3	0	3	0.00000
SFEL01 sp004557245	5439	S	6	4	10	0.00000
MGYG000002204	3147	S	2	0	2	0.00000
UBA7597 sp900542935	847	S	654	878	1532	0.00004
UBA1259 sp900769565	4656	S	384	10	394	0.00001
UBA1259 sp900770685	4727	S	134	4	138	0.00000
UBA1259 sp900771345	4769	S	14	1	15	0.00000
MGYG000001863	2751	S	2	0	2	0.00000
MGYG000003953	5110	S	154	83	237	0.00001
MGYG000000676	1241	S	117	13	130	0.00000
Borkfalkia sp900557285	3721	S	7	2	9	0.00000
UBA10281 sp000437515	1450	S	246	156	402	0.00001
UBA10281 sp900767885	5557	S	29	17	46	0.00000
MGYG000002654	3678	S	2	0	2	0.00000
UBA10281 sp900556195	1216	S	1	1	2	0.00000
UBA10281 sp900548285	1327	S	1	0	1	0.00000
MGYG000001854	2742	S	249	42	291	0.00001
MGYG000001852	2740	S	1	0	1	0.00000
MGYG000003737	4880	S	143	15	158	0.00000
MGYG000002790	3830	S	1	0	1	0.00000
HGM11416 sp900768525	980	S	51	37	88	0.00000
HGM11416 sp900766495	954	S	4	0	4	0.00000
MGYG000001864	2753	S	33	18	51	0.00000
MGYG000001914	2819	S	12	2	14	0.00000
QALS01 sp003150575	809	S	3	2	5	0.00000
QALS01 sp900555925	668	S	2	2	4	0.00000
HGM11377 sp900755035	2952	S	1326	132	1458	0.00003
CAG-475 sp900548005	2837	S	467	779	1246	0.00003
CAG-475 sp900547975	5007	S	40	82	122	0.00000
CAG-475 sp000434435	1281	S	2	0	2	0.00000
UMGS1688 sp900544575	4219	S	41	3	44	0.00000
UMGS1688 sp900554085	3122	S	12	22	34	0.00000
MGYG000004615	5825	S	1	0	1	0.00000
MGYG000000749	1347	S	27	5	32	0.00000
MGYG000001904	2805	S	1	0	1	0.00000
Christensenella sp001678845	3406	S	2175	16	2191	0.00005
UMGS743 sp900545085	2618	S	234	10	244	0.00001
MGYG000004235	5428	S	46	29	75	0.00000
MGYG000001822	2708	S	40	2	42	0.00000
NSJ-63 sp014384805	3024	S	4	0	4	0.00000
QANA01 sp900554725	3133	S	1	0	1	0.00000
MGYG000003304	4381	S	1	0	1	0.00000
UBA11524 sp900769075	4612	S	974	39	1013	0.00002
SFFH01 sp900542445	4290	S	275	52	327	0.00001
SFFH01 sp900548125	2511	S	104	17	121	0.00000
SFFH01 sp900542395	3000	S	13	4	17	0.00000
MGYG000004154	5336	S	1	0	1	0.00000
MGYG000004174	5360	S	172	10	182	0.00000
Firm-11 sp900540045	5032	S	66	38	104	0.00000
Firm-11 sp900550955	6003	S	22	0	22	0.00000
MGYG000004168	5352	S	12	0	12	0.00000
Firm-11 sp900548145	5260	S	7	2	9	0.00000
MGYG000004107	5283	S	3	0	3	0.00000
Firm-11 sp900553905	3026	S	2	0	2	0.00000
MGYG000002151	3087	S	12	1	13	0.00000
MGYG000004874	6095	S	9	1	10	0.00000
UMGS1600 sp900553315	1759	S	8	1	9	0.00000
UMGS1600 sp900553295	1901	S	1	0	1	0.00000
MGYG000003490	4589	S	8	0	8	0.00000
UMGS1603 sp900553265	2709	S	7	0	7	0.00000
MGYG000000747	1344	S	7	0	7	0.00000
MGYG000003833	4991	S	7	1	8	0.00000
MGYG000003308	4387	S	5	0	5	0.00000
MGYG000003871	5028	S	5	2	7	0.00000
MGYG000000727	1316	S	3	0	3	0.00000
MGYG000001880	2774	S	1303	46	1349	0.00003
HGM11327 sp900759935	5248	S	330	16	346	0.00001
MGYG000003766	4916	S	6	0	6	0.00000
CAG-1435 sp003537755	4602	S	963	314	1277	0.00003
CAG-1435 sp900769665	2735	S	30	13	43	0.00000
UMGS1707 sp900554285	5632	S	221	46	267	0.00001
UMGS929 sp900546875	2714	S	76	29	105	0.00000
SFEB01 sp004558105	2897	S	10	4	14	0.00000
UMGS1975 sp900556815	5882	S	865	37	902	0.00002
UMGS1975 sp900546685	3710	S	6	0	6	0.00000
UMGS1975 sp900751745	2841	S	5	0	5	0.00000
UMGS416 sp900542005	1542	S	800	22	822	0.00002
UBA10677 sp900767465	5739	S	145	72	217	0.00001
UBA10677 sp003533505	804	S	36	35	71	0.00000
UBA10677 sp900760475	4277	S	4	2	6	0.00000
MGYG000003931	5086	S	73	9	82	0.00000
UMGS1795 sp900553555	5788	S	32	10	42	0.00000
UMGS1795 sp900555125	3057	S	15	6	21	0.00000
MGYG000000428	845	S	2	0	2	0.00000
CAG-552 sp000435495	5118	S	1	0	1	0.00000
MGYG000003235	4302	S	103	11	114	0.00000
CABKMX01 sp902373595	1979	S	53	1	54	0.00000
UMGS1322 sp900769815	4667	S	28	0	28	0.00000
MGYG000001850	2737	S	4	0	4	0.00000
MGYG000003474	4572	S	1	0	1	0.00000
QALW01 sp900547955	2784	S	11	1	12	0.00000
QALW01 sp900552055	5343	S	1	0	1	0.00000
MGYG000000698	1271	S	17	0	17	0.00000
Bacteroides cellulosilyticus	3457	S	824936	913702	1738638	0.04072
Bacteroides intestinalis	3474	S	224096	454254	678350	0.01589
Bacteroides fragilis	2044	S	179384	125099	304483	0.00713
Bacteroides sp002491635	205	S	177341	53195	230536	0.00540
Bacteroides salyersiae	2197	S	176775	179898	356673	0.00835
Bacteroides sp900547205	4391	S	149255	13820	163075	0.00382
Bacteroides ovatus	2098	S	126824	480314	607138	0.01422
Bacteroides sp003545565	487	S	123834	66497	190331	0.00446
Bacteroides xylanisolvens	2057	S	98515	460778	559293	0.01310
Bacteroides oleiciplenus	2183	S	71004	85896	156900	0.00367
Bacteroides fluxus	2086	S	70783	50857	121640	0.00285
Bacteroides sp900766195	4436	S	51346	21798	73144	0.00171
Bacteroides stercorirosoris	3234	S	50584	84050	134634	0.00315
Bacteroides eggerthii	2015	S	49925	55619	105544	0.00247
Bacteroides neonati	2246	S	47855	7476	55331	0.00130
Bacteroides sp900765785	4424	S	20593	26515	47108	0.00110
Bacteroides pyogenes	1401	S	1924	399	2323	0.00005
Bacteroides togonis	1207	S	1374	1083	2457	0.00006
MGYG000002585	3605	S	1190	158	1348	0.00003
Bacteroides sp007896885	4442	S	1136	370	1506	0.00004
Bacteroides graminisolvens	4112	S	947	38	985	0.00002
MGYG000004188	5376	S	902	484	1386	0.00003
Bacteroides sp900553815	5373	S	836	169	1005	0.00002
MGYG000001807	2687	S	794	55	849	0.00002
Phocaeicola massiliensis	517	S	821336	981293	1802629	0.04222
Phocaeicola sp900066445	180	S	375412	178718	554130	0.01298
Phocaeicola plebeius	2078	S	289250	386033	675283	0.01581
Phocaeicola dorei	3484	S	287705	1087218	1374923	0.03220
Phocaeicola sp000436795	4141	S	186755	261962	448717	0.01051
Phocaeicola sp900066455	181	S	93953	138512	232465	0.00544
Phocaeicola coprophilus	555	S	41421	22942	64363	0.00151
Phocaeicola vulgatus	6128	S	35001	11762194	11797195	0.27628
Phocaeicola sartorii	6015	S	21861	32118	53979	0.00126
Phocaeicola salanitronis	1590	S	20132	43168	63300	0.00148
Phocaeicola sp902388365	3581	S	15519	734	16253	0.00038
Phocaeicola sp000432735	2721	S	8192	5348	13540	0.00032
Phocaeicola sp900542985	3589	S	3207	1101	4308	0.00010
Phocaeicola sp900553185	1678	S	2278	1727	4005	0.00009
Phocaeicola sp900552645	1543	S	2040	558	2598	0.00006
Phocaeicola sp002161565	2667	S	1794	4167	5961	0.00014
Phocaeicola sp000434735	2879	S	1617	407	2024	0.00005
Phocaeicola sp900551065	2660	S	1117	1525	2642	0.00006
MGYG000002614	3633	S	1042	211	1253	0.00003
Phocaeicola sp900544675	2832	S	909	217	1126	0.00003
Phocaeicola sp900546355	2825	S	907	1097	2004	0.00005
Phocaeicola sp002161765	3983	S	807	412	1219	0.00003
Phocaeicola sp900546095	3639	S	787	217	1004	0.00002
Phocaeicola sp900551445	5369	S	674	762	1436	0.00003
Phocaeicola sp900552075	1520	S	373	652	1025	0.00002
Prevotella sp000436595	1682	S	419752	246454	666206	0.01560
Prevotella stercorea	473	S	18959	18187	37146	0.00087
Prevotella corporis	4426	S	16687	18352	35039	0.00082
Prevotella disiens	4819	S	13959	3806	17765	0.00042
Prevotella oralis	2218	S	10375	482	10857	0.00025
Prevotella copri_A	4824	S	9296	12139	21435	0.00050
Prevotella rara	3381	S	2198	1213	3411	0.00008
Prevotella sp000436035	1267	S	2144	236	2380	0.00006
Prevotella sp003447235	2755	S	1290	178	1468	0.00003
Prevotella sp900554545	4421	S	1105	525	1630	0.00004
Prevotella sp900553465	3775	S	735	106	841	0.00002
Prevotella sp900557255	3256	S	692	255	947	0.00002
Prevotella sp900553965	2686	S	689	182	871	0.00002
Prevotella sp000436695	5909	S	674	129	803	0.00002
Prevotella sp000436915	3067	S	592	56	648	0.00002
MGYG000004462	5665	S	444	23	467	0.00001
Prevotella sp000435635	5066	S	255	50	305	0.00001
Prevotella bergensis	4915	S	252	126	378	0.00001
Prevotella sp900543585	1784	S	222	40	262	0.00001
Prevotella lascolaii	1819	S	202	112	314	0.00001
Prevotella melaninogenica	4361	S	192	84	276	0.00001
Prevotella pectinovora	1751	S	183	109	292	0.00001
Prevotella sp900545525	1464	S	177	9	186	0.00000
MGYG000004009	5171	S	177	18	195	0.00000
Prevotella sp900540375	1629	S	176	1	177	0.00000
Prevotella sp900556275	5914	S	167	18	185	0.00000
Prevotella sp900546535	1199	S	156	61	217	0.00001
Prevotella buccalis	4886	S	145	4	149	0.00000
Prevotella sp900552515	2893	S	129	73	202	0.00000
MGYG000004495	5699	S	111	0	111	0.00000
Prevotella sp900553595	4558	S	103	5	108	0.00000
Prevotella sp000431975	1390	S	98	2	100	0.00000
Prevotella oris	5035	S	92	35	127	0.00000
Prevotella sp900547005	2834	S	88	14	102	0.00000
Prevotella timonensis	4947	S	85	4	89	0.00000
Prevotella sp900770395	1027	S	84	0	84	0.00000
Prevotella sp002251295	3677	S	77	13	90	0.00000
Prevotella denticola	4200	S	71	42	113	0.00000
Prevotella sp900769275	4620	S	69	0	69	0.00000
Prevotella sp900770025	4686	S	68	0	68	0.00000
Prevotella sp002265625	5586	S	62	4	66	0.00000
Prevotella sp002480935	5770	S	60	0	60	0.00000
Prevotella sp900315955	2888	S	59	7	66	0.00000
MGYG000002613	3632	S	59	2	61	0.00000
Prevotella sp900556825	3101	S	58	5	63	0.00000
Prevotella sp900762125	4342	S	57	0	57	0.00000
Prevotella sp002251365	1717	S	56	5	61	0.00000
Prevotella sp900548195	3876	S	47	12	59	0.00000
Prevotella sp900552675	1275	S	47	3	50	0.00000
Prevotella sp900543975	1040	S	46	4	50	0.00000
MGYG000004348	5543	S	45	9	54	0.00000
Prevotella sp900540415	3579	S	45	4	49	0.00000
Prevotella sp900772835	3691	S	43	1	44	0.00000
Prevotella sp000433175	4808	S	43	5	48	0.00000
Prevotella sp002251385	5566	S	40	0	40	0.00000
Prevotella sp900765465	4422	S	40	93	133	0.00000
Prevotella sp900313215	2644	S	39	7	46	0.00000
MGYG000004880	6101	S	34	0	34	0.00000
Prevotella sp900769055	4613	S	34	1	35	0.00000
Prevotella sp900550035	4411	S	33	16	49	0.00000
Prevotella sp002299635	1181	S	32	2	34	0.00000
Prevotella sp900554695	1673	S	32	3	35	0.00000
Prevotella sp900551055	5851	S	32	7	39	0.00000
Prevotella sp900770845	4743	S	32	0	32	0.00000
Prevotella sp900544825	3008	S	31	22	53	0.00000
Prevotella sp900551985	3877	S	29	20	49	0.00000
Prevotella sp900544495	2842	S	28	8	36	0.00000
Prevotella sp900771975	4788	S	27	5	32	0.00000
Prevotella sp900554045	1679	S	24	4	28	0.00000
Prevotella sp900555035	4015	S	22	8	30	0.00000
Prevotella sp900557405	1904	S	19	1	20	0.00000
MGYG000002092	3018	S	17	0	17	0.00000
Prevotella sp900767615	3622	S	16	12	28	0.00000
Prevotella sp900548585	4970	S	16	0	16	0.00000
MGYG000004621	5831	S	15	0	15	0.00000
Prevotella veroralis	3654	S	14	0	14	0.00000
Prevotella sp900552965	3696	S	9	2	11	0.00000
Paraprevotella clara	3556	S	17358	19946	37304	0.00087
Paraprevotella xylaniphila	2091	S	4345	4291	8636	0.00020
MGYG000004824	6042	S	686	135	821	0.00002
Paraprevotella sp900546665	1084	S	588	206	794	0.00002
Paraprevotella sp900760455	2512	S	307	74	381	0.00001
Paraprevotella sp900548345	1466	S	221	88	309	0.00001
MGYG000001886	2779	S	85	12	97	0.00000
MGYG000003470	4568	S	6213	40	6253	0.00015
UBA4372 sp900543815	1274	S	24	0	24	0.00000
MGYG000004885	6105	S	1406	219	1625	0.00004
Prevotellamassilia sp004557035	4761	S	418	1	419	0.00001
Prevotellamassilia sp900540885	3978	S	411	108	519	0.00001
Prevotellamassilia sp004552865	4734	S	393	2	395	0.00001
Prevotellamassilia sp000437675	4310	S	285	22	307	0.00001
Prevotellamassilia sp900542795	2480	S	175	11	186	0.00000
Prevotellamassilia sp900541575	2823	S	91	12	103	0.00000
MGYG000000658	1215	S	39	0	39	0.00000
Prevotellamassilia sp900768625	4587	S	33	4	37	0.00000
Prevotellamassilia sp900772575	4801	S	29	1	30	0.00000
MGYG000002575	3596	S	2516	1280	3796	0.00009
CAG-462 sp900291465	5981	S	1593	306	1899	0.00004
HGM04792 sp900770705	4730	S	1420	13	1433	0.00003
MGYG000003301	4378	S	132	4	136	0.00000
UBA6398 sp003150315	5395	S	94	5	99	0.00000
HGM04593 sp900770665	4728	S	93	0	93	0.00000
UBA6382 sp900557555	5782	S	93	11	104	0.00000
MGYG000000682	1252	S	77	3	80	0.00000
CAG-617 sp000438115	2645	S	28	0	28	0.00000
MGYG000004596	5805	S	15	0	15	0.00000
Alloprevotella tannerae	5485	S	37	5	42	0.00000
Parabacteroides distasonis	3438	S	435904	332453	768357	0.01799
Parabacteroides merdae	184	S	156058	177281	333339	0.00781
Parabacteroides acidifaciens	3451	S	76418	15643	92061	0.00216
Parabacteroides sp003480915	4828	S	4808	5545	10353	0.00024
Parabacteroides chinchillae	3414	S	3874	577	4451	0.00010
Parabacteroides faecis	419	S	3427	2916	6343	0.00015
Parabacteroides sp900548175	2770	S	1950	238	2188	0.00005
Parabacteroides sp900547435	4136	S	648	144	792	0.00002
Parabacteroides massiliensis	2959	S	601	211	812	0.00002
Parabacteroides sp900540715	569	S	576	159	735	0.00002
MGYG000004180	5368	S	289	134	423	0.00001
Parabacteroides sp900549585	1268	S	288	52	340	0.00001
Parabacteroides sp900760525	3607	S	274	113	387	0.00001
Parabacteroides sp900552415	2795	S	210	7	217	0.00001
RC9 sp900771005	4748	S	115386	10565	125951	0.00295
RC9 sp900769905	4687	S	50510	5611	56121	0.00131
MGYG000004050	5216	S	49445	3281	52726	0.00123
RC9 sp000431015	1234	S	8227	6848	15075	0.00035
MGYG000004790	6008	S	4129	185	4314	0.00010
RC9 sp001915575	5151	S	1169	22	1191	0.00003
RC9 sp900546395	3919	S	974	72	1046	0.00002
RC9 sp900546445	5393	S	528	11	539	0.00001
RC9 sp000435075	2483	S	114	20	134	0.00000
RC9 sp000434935	1733	S	65	17	82	0.00000
RC9 sp004556005	4631	S	43	1	44	0.00000
RC9 sp900546925	2683	S	19	4	23	0.00000
MGYG000000393	779	S	19	0	19	0.00000
MGYG000000592	1127	S	4	2	6	0.00000
UBA1232 sp004561775	4674	S	4420	103	4523	0.00011
UBA1232 sp900769735	4662	S	3387	74	3461	0.00008
UBA1232 sp900769385	4646	S	222	1	223	0.00001
UBA1232 sp900544815	3041	S	108	4	112	0.00000
CAG-831 sp000432775	2649	S	1022	1654	2676	0.00006
CAG-831 sp900769885	4673	S	503	4	507	0.00001
CAG-831 sp900771335	4768	S	490	14	504	0.00001
CAG-831 sp900550465	2647	S	10	18	28	0.00000
Dysgonomonas gadei	2096	S	87493	1223	88716	0.00208
Dysgonomonas sp900556485	4178	S	1528	59	1587	0.00004
Dysgonomonas sp900079735	4435	S	133	41	174	0.00000
Dysgonomonas capnocytophagoides	1434	S	113	2	115	0.00000
MGYG000003338	4415	S	73	2	75	0.00000
Fermentimonas caenicola	2313	S	11833	414	12247	0.00029
Odoribacter sp900541415	5062	S	24634	5651	30285	0.00071
Odoribacter massiliensis	2389	S	16462	12061	28523	0.00067
MGYG000003076	4125	S	5033	986	6019	0.00014
MGYG000004711	5922	S	2507	333	2840	0.00007
MGYG000004650	5860	S	630	886	1516	0.00004
MGYG000004822	6040	S	266	5	271	0.00001
Odoribacter sp900544025	636	S	119	27	146	0.00000
Butyricimonas virosa	458	S	18455	1727	20182	0.00047
Butyricimonas sp900759925	4259	S	7962	16	7978	0.00019
Butyricimonas faecalis	2507	S	169	5	174	0.00000
Gabonibacter massiliensis	2358	S	5918	290	6208	0.00015
Gabonibacter sp900543425	2452	S	51	5	56	0.00000
Alistipes sp900770635	4722	S	36486	4419	40905	0.00096
Alistipes putredinis	1999	S	4709	8239	12948	0.00030
Alistipes sp900769445	4647	S	3596	303	3899	0.00009
Alistipes onderdonkii	239	S	1784	1164	2948	0.00007
Alistipes sp002358415	199	S	625	70	695	0.00002
Alistipes finegoldii	5868	S	411	561	972	0.00002
Alistipes shahii	75	S	379	2032	2411	0.00006
Alistipes sp902363575	348	S	196	190	386	0.00001
MGYG000003599	4715	S	129	1	130	0.00000
MGYG000002203	3146	S	117	25	142	0.00000
Alistipes timonensis	2402	S	111	67	178	0.00000
Alistipes sp900550925	5154	S	106	18	124	0.00000
Alistipes sp900770585	4721	S	81	0	81	0.00000
Alistipes sp900550375	1443	S	43	3	46	0.00000
Alistipes sp900769525	4650	S	41	0	41	0.00000
Alistipes sp900021155	5109	S	31	5	36	0.00000
MGYG000002675	3703	S	18	1	19	0.00000
Alistipes sp900761235	5433	S	17	0	17	0.00000
Alistipes dispar	2925	S	17	4	21	0.00000
MGYG000003941	5095	S	15	7	22	0.00000
Alistipes sp900546065	817	S	13	4	17	0.00000
MGYG000003467	4565	S	12	0	12	0.00000
Alistipes sp902388705	3612	S	10	0	10	0.00000
MGYG000004768	5986	S	6	5	11	0.00000
MGYG000002674	3702	S	6	3	9	0.00000
Alistipes sp900542505	5740	S	5	2	7	0.00000
Alistipes sp001941065	864	S	3	5	8	0.00000
Alistipes sp900290115	5750	S	2	2	4	0.00000
Alistipes sp900553175	4074	S	2	0	2	0.00000
Alistipes_A indistinctus	2109	S	13219	3152	16371	0.00038
Alistipes_A sp900240235	412	S	3152	1855	5007	0.00012
Alistipes_A sp900549685	4073	S	62	414	476	0.00001
Alistipes_A sp900545315	5672	S	61	23	84	0.00000
Alistipes_A sp900546005	5281	S	60	49	109	0.00000
Tidjanibacter inops_A	3353	S	4036	743	4779	0.00011
Rikenella microfusus	5081	S	822	52	874	0.00002
Muribaculum intestinale	203	S	10364	1228	11592	0.00027
Muribaculum sp002358615	204	S	6650	973	7623	0.00018
Muribaculum sp002492595	2860	S	334	11	345	0.00001
Muribaculum sp001701195	1836	S	36	0	36	0.00000
CAG-279 sp900541935	3949	S	3781	1305	5086	0.00012
CAG-279 sp900544305	1094	S	257	607	864	0.00002
CAG-279 sp900548875	2838	S	205	490	695	0.00002
CAG-279 sp000437795	3577	S	96	38	134	0.00000
CAG-279 sp900541555	1505	S	82	5	87	0.00000
MGYG000003881	5038	S	75	111	186	0.00000
MGYG000003434	4526	S	70	2	72	0.00000
CAG-279 sp900550025	5264	S	47	61	108	0.00000
Sodaliphilus sp004557565	5677	S	3236	323	3559	0.00008
MGYG000003799	4952	S	90	14	104	0.00000
Sodaliphilus sp900770215	4705	S	30	1	31	0.00000
MGYG000003728	4868	S	22	8	30	0.00000
CAG-485 sp900554845	3800	S	434	314	748	0.00002
CAG-485 sp900552315	1444	S	214	37	251	0.00001
MGYG000004705	5916	S	136	34	170	0.00000
MGYG000004042	5207	S	96	2	98	0.00000
CAG-485 sp900761855	5147	S	87	1	88	0.00000
MGYG000003816	4972	S	51	1	52	0.00000
CAG-485 sp900555915	4222	S	48	1	49	0.00000
CAG-485 sp900766975	4525	S	32	0	32	0.00000
CAG-485 sp900542185	4089	S	23	28	51	0.00000
CAG-485 sp900321585	1955	S	21	32	53	0.00000
MGYG000004377	5571	S	20	1	21	0.00000
CAG-485 sp900549375	6048	S	19	1	20	0.00000
CAG-485 sp900556595	2978	S	14	0	14	0.00000
MGYG000004853	6071	S	13	1	14	0.00000
CAG-485 sp900760815	2488	S	10	0	10	0.00000
CAG-485 sp002491165	1246	S	10	0	10	0.00000
CAG-485 sp000437495	4207	S	10	1	11	0.00000
CAG-485 sp900554345	3763	S	9	0	9	0.00000
CAG-485 sp900541835	3628	S	2	0	2	0.00000
MGYG000002064	2995	S	623	10	633	0.00001
CAG-873 sp900755985	1731	S	98	4	102	0.00000
MGYG000001666	2521	S	97	16	113	0.00000
MGYG000004428	5624	S	75	2	77	0.00000
CAG-873 sp004552725	4520	S	38	0	38	0.00000
CAG-873 sp900759825	4256	S	32	0	32	0.00000
CAG-873 sp900548975	2864	S	24	2	26	0.00000
CAG-873 sp004552485	1235	S	21	0	21	0.00000
MGYG000004213	5401	S	14	0	14	0.00000
CAG-873 sp001701165	2849	S	12	0	12	0.00000
MGYG000000448	883	S	12	1	13	0.00000
CAG-873 sp002493945	5146	S	9	0	9	0.00000
Duncaniella sp001701225	2606	S	361	9	370	0.00001
Duncaniella sp900544535	1446	S	119	10	129	0.00000
Duncaniella dubosii	2813	S	57	15	72	0.00000
UBA7173 sp900768685	4597	S	157	1	158	0.00000
UBA7173 sp900540205	1487	S	69	3	72	0.00000
MGYG000004820	6038	S	34	3	37	0.00000
UBA7173 sp900552325	1463	S	26	14	40	0.00000
MGYG000001839	2725	S	23	1	24	0.00000
MGYG000001885	2778	S	21	1	22	0.00000
UBA7173 sp900546835	1227	S	19	4	23	0.00000
UBA7173 sp900759895	2491	S	18	7	25	0.00000
UBA7173 sp900555165	5814	S	15	1	16	0.00000
UBA7173 sp001701135	2848	S	7	0	7	0.00000
Paramuribaculum sp900546365	4248	S	50	10	60	0.00000
Paramuribaculum sp900760855	2540	S	38	4	42	0.00000
Paramuribaculum sp900759915	5932	S	26	6	32	0.00000
MGYG000001775	2650	S	22	8	30	0.00000
HGM05232 sp900759955	4261	S	83	1	84	0.00000
SFTJ01 sp900769345	4640	S	69	1	70	0.00000
Amulumruptor sp900539915	4227	S	28	1	29	0.00000
Amulumruptor sp001689515	3093	S	21	1	22	0.00000
Amulumruptor sp900547825	5449	S	16	0	16	0.00000
MGYG000004432	5629	S	33	2	35	0.00000
Porphyromonas_A somerae	1699	S	10954	2034	12988	0.00030
Porphyromonas_A sp001808555	4319	S	216	122	338	0.00001
Porphyromonas_A sp900554935	5467	S	25	6	31	0.00000
MGYG000003746	4892	S	19	8	27	0.00000
Porphyromonas sp900539765	1488	S	5448	2183	7631	0.00018
Porphyromonas sp900538385	3822	S	1582	2377	3959	0.00009
Porphyromonas gingivalis	4377	S	335	4	339	0.00001
Porphyromonas pasteri	3052	S	146	0	146	0.00000
MGYG000003813	4969	S	130	0	130	0.00000
Porphyromonas asaccharolytica	5464	S	3	4	7	0.00000
RF16 sp900542355	610	S	8977	95	9072	0.00021
MGYG000003633	4756	S	102	3	105	0.00000
SFVR01 sp900769035	4610	S	197	1	198	0.00000
SFVR01 sp900771035	4757	S	71	2	73	0.00000
UBA1181 sp900769555	4653	S	132	1	133	0.00000
HGM05398 sp900767385	4541	S	46	2	48	0.00000
Barnesiella intestinihominis	373	S	8710	3833	12543	0.00029
Barnesiella sp900538705	1581	S	365	23	388	0.00001
Barnesiella sp002159975	888	S	83	2	85	0.00000
Coprobacter secundus	2334	S	5980	528	6508	0.00015
UBA11471 sp000434215	1208	S	4462	822	5284	0.00012
UBA11471 sp900542765	5182	S	900	102	1002	0.00002
MGYG000003994	5155	S	50	15	65	0.00000
MGYG000004037	5202	S	39	5	44	0.00000
UBA3388 sp002358835	4720	S	232	0	232	0.00001
UBA3388 sp900545215	3692	S	96	2	98	0.00000
HGM05376 sp900769785	4661	S	84	0	84	0.00000
F082 sp900769945	4678	S	52	9	61	0.00000
F082 sp900542475	4780	S	13	2	15	0.00000
F082 sp900771045	4753	S	5	0	5	0.00000
W3P20-009 sp900766825	4513	S	51	0	51	0.00000
Chryseobacterium gambrini	1749	S	115	4	119	0.00000
Epilithonimonas bovis	4958	S	17	2	19	0.00000
UBA1820 sp003150615	827	S	20	0	20	0.00000
UBA1820 sp002314265	887	S	7	8	15	0.00000
MGYG000003905	5060	S	7	9	16	0.00000
Flavobacterium lindanitolerans	1744	S	46	0	46	0.00000
Sutterella wadsworthensis	2075	S	719548	237345	956893	0.02241
Sutterella parvirubra	2139	S	4258	941	5199	0.00012
Sutterella wadsworthensis_A	2160	S	1893	2130	4023	0.00009
Sutterella sp900545275	1535	S	209	65	274	0.00001
MGYG000000821	1440	S	113	4	117	0.00000
MGYG000004829	6047	S	31	1	32	0.00000
Sutterella seckii_A	2894	S	20	10	30	0.00000
Sutterella sp900754475	5905	S	17	9	26	0.00000
MGYG000000560	1085	S	16	0	16	0.00000
MGYG000002062	2993	S	12	0	12	0.00000
Sutterella faecalis	5654	S	12	1	13	0.00000
MGYG000003914	5068	S	10	3	13	0.00000
Sutterella sp900762445	5010	S	7	0	7	0.00000
Sutterella sp900764215	4220	S	5	0	5	0.00000
MGYG000001574	2414	S	3	0	3	0.00000
MGYG000000632	1182	S	2	0	2	0.00000
MGYG000004096	5271	S	1	0	1	0.00000
MGYG000003441	4534	S	27952	7511	35463	0.00083
Oxalobacter formigenes	2037	S	6955	8031	14986	0.00035
Oxalobacter formigenes_B	3515	S	53	20	73	0.00000
MGYG000004251	5445	S	10	14	24	0.00000
MGYG000004749	5965	S	8	19	27	0.00000
MGYG000003451	4546	S	3	5	8	0.00000
Oxalobacter sp900760095	5228	S	3	0	3	0.00000
Parasutterella excrementihominis	1985	S	4733	311	5044	0.00012
Parasutterella sp009767915	2830	S	4	0	4	0.00000
Pigmentiphaga sp002188635	3436	S	387	168	555	0.00001
Achromobacter xylosoxidans	277	S	335	28	363	0.00001
Duodenibacillus sp900544255	4362	S	284	16	300	0.00001
Duodenibacillus sp900544335	936	S	4	0	4	0.00000
Duodenibacillus sp900762555	1299	S	4	0	4	0.00000
Duodenibacillus sp900552915	1089	S	3	0	3	0.00000
Pelistega indica	3334	S	287	100	387	0.00001
CAG-521 sp000437635	1092	S	40	126	166	0.00000
CAG-521 sp900546995	1431	S	20	8	28	0.00000
MGYG000000351	689	S	19	21	40	0.00000
MGYG000001900	2797	S	5	15	20	0.00000
CAG-521 sp900553105	5836	S	4	12	16	0.00000
Comamonas kerstersii	5332	S	11	0	11	0.00000
Turicimonas sp900542195	3662	S	5	0	5	0.00000
Acidovorax sp000302535	1937	S	1	3	4	0.00000
Vitreoscilla massiliensis	2345	S	2613	1048	3661	0.00009
Neisseria subflava_C	4463	S	10	170	180	0.00000
Neisseria macacae	2104	S	7	161	168	0.00000
Neisseria elongata	3051	S	1	21	22	0.00000
MGYG000003735	4877	S	53	3	56	0.00000
MGYG000000634	1187	S	5	0	5	0.00000
Azonexus sp900549295	1746	S	2	1	3	0.00000
Providencia rettgeri_D	2027	S	31081	3509	34590	0.00081
Providencia stuartii	2007	S	1724	643	2367	0.00006
Providencia alcalifaciens	2251	S	24	2	26	0.00000
Providencia alcalifaciens_A	2250	S	2	0	2	0.00000
Escherichia coli_D	3516	S	9993	31962	41955	0.00098
Escherichia albertii	3517	S	1561	2671	4232	0.00010
Escherichia sp000208585	3291	S	305	889	1194	0.00003
Plesiomonas shigelloides	3551	S	14780	8416	23196	0.00054
Citrobacter europaeus	3504	S	2905	6349	9254	0.00022
Citrobacter gillenii	3549	S	104	381	485	0.00001
Citrobacter youngae	341	S	13	22	35	0.00000
Citrobacter portucalensis	2574	S	5	9	14	0.00000
Phytobacter sp002377245	4452	S	842	724	1566	0.00004
Phytobacter massiliensis	2188	S	270	372	642	0.00002
Phytobacter ursingii	3532	S	98	802	900	0.00002
Phytobacter diazotrophicus	3948	S	3	1	4	0.00000
Cronobacter sakazakii	3462	S	51	694	745	0.00002
Cronobacter malonaticus	3491	S	20	233	253	0.00001
Leminorella richardii	3371	S	636	286	922	0.00002
Leminorella grimontii	3267	S	3	0	3	0.00000
Edwardsiella tarda	2064	S	422	99	521	0.00001
Salmonella bongori	3505	S	388	509	897	0.00002
Enterobacter_D kobei_A	4433	S	367	1669	2036	0.00005
Pantoea septica	3423	S	196	450	646	0.00002
Pantoea anthophila	4454	S	70	25	95	0.00000
Pantoea brenneri	4460	S	3	5	8	0.00000
Pantoea ananatis	4473	S	3	0	3	0.00000
Pantoea agglomerans	4457	S	1	0	1	0.00000
Enterobacter chengduensis	3512	S	53	334	387	0.00001
Enterobacter cancerogenus	2022	S	22	49	71	0.00000
Enterobacter cloacae	3510	S	13	41	54	0.00000
Enterobacter hormaechei_A	3514	S	6	41	47	0.00000
Enterobacter sichuanensis	3508	S	5	13	18	0.00000
Enterobacter kobei	503	S	2	9	11	0.00000
Enterobacter ludwigii	3513	S	2	4	6	0.00000
Enterobacter asburiae_B	3529	S	1	8	9	0.00000
Enterobacter bugandensis	3864	S	1	3	4	0.00000
Proteus sp001722135	3411	S	140	23	163	0.00000
Proteus sp003144505	6032	S	38	77	115	0.00000
Proteus vulgaris	3526	S	1	0	1	0.00000
Yersinia enterocolitica	3307	S	73	87	160	0.00000
Yersinia massiliensis	3469	S	29	11	40	0.00000
Yersinia kristensenii_B	3464	S	2	1	3	0.00000
Yersinia frederiksenii	3470	S	2	1	3	0.00000
Pseudescherichia sp002298805	4439	S	143	157	300	0.00001
Klebsiella quasivariicola	4228	S	53	138	191	0.00000
Klebsiella pneumoniae	3554	S	27	98	125	0.00000
Klebsiella aerogenes	3507	S	24	55	79	0.00000
Klebsiella variicola	3521	S	11	20	31	0.00000
Cedecea davisae	2216	S	105	170	275	0.00001
Serratia marcescens_I	3323	S	19	37	56	0.00000
Serratia surfactantfaciens	3528	S	18	15	33	0.00000
Serratia ureilytica	4481	S	2	1	3	0.00000
Serratia liquefaciens	4849	S	2	0	2	0.00000
Citrobacter_A sedlakii	2567	S	57	102	159	0.00000
Enterobacter_A timonensis	2369	S	43	91	134	0.00000
Klebsiella_A oxytoca	305	S	42	72	114	0.00000
Hafnia alvei	3518	S	36	21	57	0.00000
Kluyvera ascorbata_B	3499	S	14	76	90	0.00000
Franconibacter helveticus	4157	S	13	2	15	0.00000
Raoultella ornithinolytica	3340	S	6	20	26	0.00000
Kosakonia cowanii	5041	S	5	3	8	0.00000
Yokenella regensburgei	2131	S	3	3	6	0.00000
Chimaeribacter coloradensis	4167	S	3	1	4	0.00000
Leclercia adecarboxylata_C	4241	S	2	3	5	0.00000
Mixta calida	4235	S	1	0	1	0.00000
Vibrio cholerae	3275	S	10813	5085	15898	0.00037
Vibrio metoecus	3348	S	305	16	321	0.00001
Vibrio furnissii	2584	S	39	10	49	0.00000
Vibrio vulnificus	3547	S	31	0	31	0.00000
Vibrio fluvialis	2572	S	13	0	13	0.00000
Haemophilus_D parainfluenzae_N	3935	S	1517	820	2337	0.00005
MGYG000000860	1471	S	470	250	720	0.00002
MGYG000001112	1765	S	26	14	40	0.00000
MGYG000004837	6054	S	14	11	25	0.00000
Haemophilus_D parainfluenzae_L	1736	S	11	3	14	0.00000
MGYG000003021	4076	S	6	1	7	0.00000
Haemophilus_D sp900756155	1622	S	4	2	6	0.00000
Haemophilus influenzae	4474	S	34	1	35	0.00000
Haemophilus sp002998595	3658	S	22	1	23	0.00000
Haemophilus_A paraphrohaemolyticus	3571	S	4	0	4	0.00000
Succinivibrio sp900770725	4731	S	1722	303	2025	0.00005
MGYG000000708	1287	S	24	2	26	0.00000
MGYG000001857	2744	S	2	0	2	0.00000
UBA2804 sp900768635	4591	S	68	13	81	0.00000
WG-1 sp900539665	4550	S	20	1	21	0.00000
Anaerobiospirillum succiniciproducens	4533	S	16	2	18	0.00000
MGYG000001890	2785	S	9	0	9	0.00000
Aeromonas dhakensis	2557	S	45	784	829	0.00002
Aeromonas veronii_A	2556	S	3	30	33	0.00000
Aeromonas caviae	3539	S	2	24	26	0.00000
Acinetobacter variabilis	3314	S	691	1042	1733	0.00004
Acinetobacter junii	2055	S	134	417	551	0.00001
Acinetobacter sp900766635	4500	S	27	5	32	0.00000
Acinetobacter courvalinii	3315	S	18	40	58	0.00000
Acinetobacter pittii	3318	S	17	77	94	0.00000
Acinetobacter baumannii	3316	S	2	7	9	0.00000
Acinetobacter sp900771065	4755	S	1	0	1	0.00000
Pseudomonas_B luteola	2241	S	252	209	461	0.00001
Pseudomonas citronellolis	5333	S	3	2	5	0.00000
Pseudomonas_R sp900766265	4462	S	2	2	4	0.00000
Pseudomonas_E fulva	1961	S	1	0	1	0.00000
Salinicola tamaricis	4071	S	78	45	123	0.00000
Stenotrophomonas bentonitica_A	3367	S	891	3448	4339	0.00010
MGYG000003267	4341	S	3	0	3	0.00000
Stenotrophomonas maltophilia_AK	3368	S	2	25	27	0.00000
Stenotrophomonas maltophilia_S	4911	S	1	18	19	0.00000
Xanthomonas_B massiliensis	2366	S	484	415	899	0.00002
MGYG000004298	5492	S	824	1825	2649	0.00006
CAG-977 sp900553035	3598	S	6	0	6	0.00000
CAG-977 sp900768845	4603	S	4	7	11	0.00000
UBA2903 sp002349565	5687	S	5	22	27	0.00000
CAAHEQ01 sp900772625	3668	S	1195	56	1251	0.00003
UBA7488 sp002477185	6127	S	221	206	427	0.00001
MGYG000004537	5742	S	3	8	11	0.00000
MGYG000000637	1191	S	1136	32	1168	0.00003
CAG-495 sp001917125	3634	S	16	3	19	0.00000
MGYG000004400	5596	S	11	3	14	0.00000
MGYG000004444	5644	S	9	8	17	0.00000
MGYG000000394	784	S	6	0	6	0.00000
MGYG000001894	2790	S	2	0	2	0.00000
CAG-495 sp900540425	2904	S	1	0	1	0.00000
MGYG000000617	1164	S	8	9	17	0.00000
RUG410 sp900769705	990	S	2	2	4	0.00000
CAG-267 sp001917135	4278	S	6	2	8	0.00000
CAG-267 sp900551865	1490	S	1	0	1	0.00000
51-20 sp900762565	4358	S	2	0	2	0.00000
MGYG000003817	4973	S	2	0	2	0.00000
MGYG000000610	1155	S	1	0	1	0.00000
Rs-D84 sp900546225	3195	S	64	4644	4708	0.00011
Rs-D84 sp900546185	1587	S	34	138	172	0.00000
Rs-D84 sp900550565	4786	S	15	92	107	0.00000
Rs-D84 sp900549365	1125	S	3	210	213	0.00000
MGYG000003371	4446	S	41	106	147	0.00000
Sphingomonas ginsenosidimutans	1935	S	7	0	7	0.00000
Bradyrhizobium sp000015165	4186	S	10	5	15	0.00000
Faecalibacillus intestinalis	186	S	12817	18983	31800	0.00074
Faecalibacillus faecis	3447	S	3169	3094	6263	0.00015
Longibaculum muris	358	S	3421	1029	4450	0.00010
Longibaculum sp900538465	2484	S	9	2	11	0.00000
Stoquefichus massiliensis	2230	S	519	446	965	0.00002
Stoquefichus sp001244545	6092	S	26	13	39	0.00000
Catenibacterium mitsuokai	142	S	300	139	439	0.00001
Catenibacterium sp900540665	1435	S	209	28	237	0.00001
Catenibacterium sp900540685	4779	S	5	0	5	0.00000
Catenibacterium sp900764565	4400	S	3	0	3	0.00000
Coprobacillus cateniformis	2141	S	302	619	921	0.00002
Beduini sp902363625	355	S	293	13	306	0.00001
Massiliomicrobiota sp002160865	1923	S	19	6	25	0.00000
Erysipelatoclostridium sp002160495	5843	S	12	10	22	0.00000
Holdemanella sp900547815	1209	S	2159	2057	4216	0.00010
Holdemanella sp002299315	530	S	28	66	94	0.00000
Holdemanella sp003436425	4826	S	7	9	16	0.00000
Holdemanella sp900754615	5569	S	7	11	18	0.00000
Holdemania massiliensis	2193	S	1960	2981	4941	0.00012
Holdemania sp900120005	3817	S	6	0	6	0.00000
Dielma fastidiosa	2182	S	630	1225	1855	0.00004
Dielma sp001305055	3300	S	229	291	520	0.00001
Bulleidia moorei	418	S	986	391	1377	0.00003
Bulleidia massiliensis_B	4741	S	25	31	56	0.00000
MGYG000001826	2712	S	11	0	11	0.00000
Bulleidia sp900539965	1383	S	4	5	9	0.00000
MGYG000003586	4702	S	4	5	9	0.00000
Absicoccus sp000434355	549	S	437	940	1377	0.00003
Clostridium_AQ sp000165065	2065	S	110	120	230	0.00001
Clostridium_AQ innocuum	2133	S	68	124	192	0.00000
Longicatena caecimuris	2136	S	179	354	533	0.00001
MGYG000004077	5246	S	114	141	255	0.00001
Faecalicoccus sp900546545	4817	S	32	14	46	0.00000
Merdibacter sp900543035	4133	S	16	3	19	0.00000
Merdibacter sp900759455	5031	S	4	0	4	0.00000
Massilicoli timonensis	1833	S	17	2	19	0.00000
Lentilactobacillus parafarraginis	3561	S	14387	1025	15412	0.00036
Lentilactobacillus kefiri	3476	S	26	6	32	0.00000
Lactobacillus delbrueckii	2085	S	3643	226	3869	0.00009
Lactobacillus crispatus	3320	S	673	1127	1800	0.00004
Lactobacillus hominis	3336	S	291	169	460	0.00001
Lactobacillus iners	2106	S	204	20	224	0.00001
Lactobacillus acidophilus	3363	S	77	55	132	0.00000
Lactobacillus johnsonii	92	S	18	22	40	0.00000
Lactobacillus intestinalis	91	S	14	8	22	0.00000
Lactobacillus amylovorus	397	S	10	32	42	0.00000
Lactobacillus paragasseri	3374	S	5	23	28	0.00000
Lactobacillus kalixensis	4011	S	4	0	4	0.00000
Lactobacillus gallinarum	4412	S	3	9	12	0.00000
MGYG000004767	5985	S	1	0	1	0.00000
Ligilactobacillus salivarius	3292	S	3125	1075	4200	0.00010
Ligilactobacillus animalis	286	S	397	182	579	0.00001
Ligilactobacillus agilis	3377	S	127	25	152	0.00000
Limosilactobacillus reuteri_E	2043	S	2208	1581	3789	0.00009
Limosilactobacillus vaginalis_A	130	S	153	57	210	0.00000
Limosilactobacillus fermentum	406	S	77	12	89	0.00000
Limosilactobacillus caviae	5480	S	3	1	4	0.00000
MGYG000004665	5876	S	2	0	2	0.00000
Limosilactobacillus oris	1723	S	1	0	1	0.00000
Limosilactobacillus sp900557215	3613	S	1	0	1	0.00000
Leuconostoc lactis	5862	S	2914	202	3116	0.00007
Leuconostoc citreum	4487	S	1	0	1	0.00000
Pediococcus pentosaceus	3347	S	1029	1546	2575	0.00006
Pediococcus acidilactici	1988	S	45	19	64	0.00000
Weissella cibaria	522	S	64	1633	1697	0.00004
Weissella paramesenteroides	2052	S	15	36	51	0.00000
Weissella confusa_B	6119	S	1	35	36	0.00000
Levilactobacillus brevis	3365	S	1558	344	1902	0.00004
Levilactobacillus namurensis	6079	S	26	0	26	0.00000
Lacticaseibacillus paracasei	3375	S	125	16	141	0.00000
Lacticaseibacillus sp900540605	1458	S	7	0	7	0.00000
Loigolactobacillus coryniformis	4847	S	84	3	87	0.00000
Companilactobacillus farciminis	6006	S	17	3	20	0.00000
Lactiplantibacillus pentosus	3825	S	15	0	15	0.00000
Schleiferilactobacillus harbinensis	3812	S	2	0	2	0.00000
Fructilactobacillus sanfranciscensis	2974	S	1	0	1	0.00000
Streptococcus sp000411475	2209	S	737	229	966	0.00002
Streptococcus infantarius	2008	S	283	43	326	0.00001
Streptococcus mutans	559	S	282	3	285	0.00001
Streptococcus agalactiae	3321	S	93	19	112	0.00000
Streptococcus anginosus_C	3319	S	75	26	101	0.00000
Streptococcus koreensis	3258	S	49	15	64	0.00000
Streptococcus sanguinis_H	3614	S	45	0	45	0.00000
Streptococcus sp900550895	5463	S	41	16	57	0.00000
Streptococcus vestibularis	1108	S	39	6	45	0.00000
Streptococcus sp902363395	319	S	16	11	27	0.00000
MGYG000000576	1102	S	16	0	16	0.00000
Streptococcus equinus	2077	S	16	1	17	0.00000
MGYG000003797	4950	S	8	2	10	0.00000
Streptococcus oralis_S	4195	S	7	3	10	0.00000
Streptococcus parasanguinis	135	S	6	1	7	0.00000
Streptococcus constellatus	5515	S	4	1	5	0.00000
Streptococcus parasanguinis_B	453	S	4	2	6	0.00000
Streptococcus mitis_AC	4445	S	3	0	3	0.00000
Streptococcus anginosus	2076	S	3	0	3	0.00000
Streptococcus sp900555155	1354	S	3	2	5	0.00000
Streptococcus timonensis	2397	S	3	0	3	0.00000
Streptococcus mitis_D	1607	S	2	0	2	0.00000
MGYG000002843	3887	S	1	0	1	0.00000
Streptococcus sp900755085	1704	S	1	0	1	0.00000
Streptococcus oralis	3932	S	1	0	1	0.00000
Lactococcus lactis_E	1381	S	6	0	6	0.00000
Lactococcus garvieae	1110	S	2	0	2	0.00000
Lactococcus garvieae_B	1648	S	1	0	1	0.00000
Lactococcus_A piscium_C	4053	S	3	0	3	0.00000
Enterococcus_A devriesei	4845	S	134	66	200	0.00000
Enterococcus_A pallens	4025	S	9	0	9	0.00000
Enterococcus_A avium	3230	S	3	1	4	0.00000
Enterococcus_D gallinarum	304	S	35	32	67	0.00000
Enterococcus_D casseliflavus	506	S	1	8	9	0.00000
Enterococcus caccae	3472	S	47	1	48	0.00000
Enterococcus_G italicus	654	S	41	9	50	0.00000
Enterococcus_B lactis	3287	S	29	42	71	0.00000
Enterococcus_B durans	399	S	8	5	13	0.00000
Enterococcus_C asini	401	S	4	1	5	0.00000
Enterococcus_C dispar	1870	S	3	1	4	0.00000
Listeria grayi	1993	S	299	29	328	0.00001
Listeria monocytogenes_B	3293	S	9	5	14	0.00000
Listeria innocua	2132	S	1	0	1	0.00000
Vagococcus sp003462485	3261	S	277	12	289	0.00001
Granulicatella sp001058355	3883	S	27	3	30	0.00000
Bacillus_BE massilionigeriensis	3396	S	6671	849	7520	0.00018
Neobacillus sp000821085	2275	S	129	9	138	0.00000
Bacillus_BD tuaregi	3402	S	79	7	86	0.00000
Weizmannia coagulans	442	S	4886	271	5157	0.00012
Bacillus_J andreraoultii	2309	S	2029	343	2372	0.00006
Bacillus_BN testis	2304	S	25	12	37	0.00000
Bacillus_BN massilioanorexius	2191	S	24	1	25	0.00000
Peribacillus simplex	263	S	26	1	27	0.00000
Pradoshia sp001183965	5363	S	1	0	1	0.00000
CAG-1000 sp900772435	5277	S	931	664	1595	0.00004
CAG-1000 sp004552445	4623	S	359	2390	2749	0.00006
CAG-1000 sp000434555	5604	S	131	155	286	0.00001
MGYG000004204	5392	S	85	62	147	0.00000
CAG-1000 sp000436975	2623	S	35	13	48	0.00000
MGYG000001897	2794	S	4	2	6	0.00000
CAG-878 sp000432255	3627	S	1423	1637	3060	0.00007
CAG-302 sp000431795	5094	S	976	650	1626	0.00004
CAG-302 sp900549325	3217	S	3	1	4	0.00000
MGYG000004012	5174	S	2	0	2	0.00000
CAG-302 sp900554615	5550	S	2	2	4	0.00000
CAG-611 sp000434175	2858	S	81	1062	1143	0.00003
UBA3631 sp900544605	3854	S	739	403	1142	0.00003
MGYG000004527	5731	S	694	552	1246	0.00003
UMGS995 sp900547465	2529	S	2	1	3	0.00000
UBA5026 sp900552335	3201	S	288	196	484	0.00001
UBA5026 sp900557305	5537	S	63	130	193	0.00000
UBA5026 sp900546745	5330	S	24	23	47	0.00000
UBA7057 sp900543675	598	S	368	35	403	0.00001
UBA7057 sp900542735	1840	S	1	0	1	0.00000
CAG-822 sp900546055	5300	S	235	41	276	0.00001
CAG-914 sp000437895	1504	S	202	143	345	0.00001
CAG-594 sp000434835	5258	S	96	117	213	0.00000
CAG-594 sp900759985	2498	S	29	1	30	0.00000
CAG-594 sp900771805	4785	S	1	3	4	0.00000
MGYG000004395	5591	S	1	0	1	0.00000
MGYG000002182	3119	S	139	269	408	0.00001
MGYG000004509	5714	S	24	60	84	0.00000
CAG-533 sp000434495	3109	S	90	103	193	0.00000
CAG-533 sp900551105	3209	S	20	23	43	0.00000
UMGS1648 sp900553765	1681	S	97	16	113	0.00000
CAG-877 sp900554305	2946	S	76	56	132	0.00000
CAG-877 sp900554315	2878	S	6	2	8	0.00000
MGYG000004455	5655	S	5	8	13	0.00000
MGYG000004795	6013	S	2	2	4	0.00000
CAG-877 sp000433455	3845	S	1	0	1	0.00000
CAG-877 sp900548695	3974	S	1	0	1	0.00000
CAG-605 sp900545005	3910	S	13	52	65	0.00000
CAG-582 sp000435515	5188	S	61	38	99	0.00000
HGM10766 sp900757295	5254	S	53	20	73	0.00000
MGYG000001840	2727	S	30	12	42	0.00000
MGYG000001968	2884	S	3	0	3	0.00000
MGYG000002207	3150	S	2	0	2	0.00000
CAG-460 sp900751815	5752	S	32	3	35	0.00000
CAG-460 sp000437315	5547	S	1	2	3	0.00000
CAG-710 sp000432595	829	S	30	15	45	0.00000
MGYG000004170	5354	S	2	1	3	0.00000
UMGS1124 sp900548725	3840	S	29	12	41	0.00000
MGYG000001743	2613	S	17	10	27	0.00000
CAG-988 sp003149915	4135	S	15	1	16	0.00000
CAG-776 sp900549285	2833	S	10	0	10	0.00000
CAG-776 sp900758895	1903	S	5	11	16	0.00000
MGYG000004502	5706	S	6	1	7	0.00000
CAG-451 sp000438295	1296	S	2	2	4	0.00000
CAG-762 sp000432575	1054	S	7	9	16	0.00000
MGYG000004051	5217	S	6	13	19	0.00000
HGM10818 sp900772445	4799	S	1	1	2	0.00000
MGYG000004216	5406	S	5	0	5	0.00000
MGYG000004530	5734	S	4	5	9	0.00000
UMGS2068 sp900769635	5713	S	3	1	4	0.00000
CAG-433 sp900546245	5810	S	2	1	3	0.00000
MGYG000004299	5493	S	1	0	1	0.00000
HGM10873 sp900753645	5959	S	1	0	1	0.00000
UBA4855 sp900540365	1578	S	1436	1209	2645	0.00006
UBA4855 sp900540395	1602	S	1163	755	1918	0.00004
RUG131 sp900315885	5113	S	2638	384	3022	0.00007
UBA4951 sp900542595	2715	S	17	8	25	0.00000
UBA733 sp900767825	4605	S	3	0	3	0.00000
UBA733 sp900767605	1257	S	2	0	2	0.00000
MGYG000004440	5640	S	956	107	1063	0.00002
MGYG000004199	5387	S	19	4	23	0.00000
CAG-449 sp000432895	843	S	2	1	3	0.00000
CAG-449 sp900551385	5692	S	1	0	1	0.00000
UBA3210 sp900755065	2956	S	18	1	19	0.00000
UBA7642 sp900539865	2524	S	63	6	69	0.00000
UBA7642 sp900763245	4367	S	3	0	3	0.00000
UBA7642 sp900770925	929	S	1	0	1	0.00000
MGYG000004606	5816	S	3	0	3	0.00000
CAG-631 sp900754115	1691	S	14	10	24	0.00000
CAG-631 sp000433015	4325	S	4	4	8	0.00000
MGYG000001800	2680	S	1	0	1	0.00000
MGYG000004029	5193	S	18	35	53	0.00000
Paenibacillus_A ihumii	2336	S	2586	631	3217	0.00008
Paenibacillus_A tuaregi	2384	S	201	125	326	0.00001
Paenibacillus_A sp900069005	2376	S	181	36	217	0.00001
Paenibacillus_A senegalimassiliensis	2353	S	115	20	135	0.00000
Paenibacillus_A sp900766135	4431	S	1	0	1	0.00000
Paenibacillus odorifer	3410	S	606	565	1171	0.00003
Paenibacillus polymyxa	4815	S	70	7	77	0.00000
Paenibacillus lautus_A	2090	S	13	2	15	0.00000
Paenibacillus amylolyticus	4122	S	9	0	9	0.00000
Cohnella sp900169535	3400	S	230	28	258	0.00001
Gorillibacterium timonense	2342	S	137	9	146	0.00000
Ureaplasma sp900544585	1419	S	2994	3	2997	0.00007
Ureaplasma parvum	4459	S	180	99	279	0.00001
Mycoplasmopsis bovis	5887	S	11	0	11	0.00000
Metamycoplasma hominis	4491	S	1	0	1	0.00000
CAG-313 sp900539265	4295	S	1228	2365	3593	0.00008
CAG-313 sp003539625	5651	S	161	105	266	0.00001
CAG-313 sp000433035	3130	S	4	5	9	0.00000
CAG-313 sp900760745	5743	S	1	0	1	0.00000
HGM10611 sp900770645	4724	S	7	9	16	0.00000
UMGS1109 sp900548675	2663	S	3	5	8	0.00000
Tener-01 sp001940985	680	S	252	69	321	0.00001
MGYG000004423	5619	S	8	40	48	0.00000
Oceanobacillus jeddahense	2261	S	540	401	941	0.00002
Oceanobacillus caeni	3378	S	27	10	37	0.00000
Oceanobacillus massiliensis	2145	S	18	10	28	0.00000
Gracilibacillus phocaeensis	2385	S	352	137	489	0.00001
Gracilibacillus massiliensis	2349	S	4	0	4	0.00000
Virgibacillus kapii	2259	S	30	14	44	0.00000
Virgibacillus picturae	2569	S	8	9	17	0.00000
Thalassobacillus devorans	2324	S	71	22	93	0.00000
Turicibacter sanguinis	372	S	1396	86	1482	0.00003
Bacillus_A wiedmannii	3331	S	145	302	447	0.00001
Ferdinandcohnia timonensis	2150	S	17	189	206	0.00000
Bacillus subtilis	101	S	4	76	80	0.00000
Bacillus licheniformis	3332	S	4	343	347	0.00001
Risungbinella massiliensis	2290	S	551	12	563	0.00001
Numidum massiliense	2329	S	311	4	315	0.00001
Rubeoparvulum massiliense	2296	S	743	14	757	0.00002
Kurthia massiliensis	2154	S	39	227	266	0.00001
Kurthia senegalensis	3272	S	8	43	51	0.00000
Planococcus massiliensis	2277	S	128	10	138	0.00000
Psychrobacillus sp012843435	5177	S	21	1	22	0.00000
Exiguobacterium sp902362975	249	S	73	339	412	0.00001
Exiguobacterium sp003467445	545	S	1	4	5	0.00000
Alkalihalobacillus alcalophilus	3297	S	144	3	147	0.00000
Staphylococcus epidermidis	339	S	28	31	59	0.00000
Staphylococcus xylosus	87	S	5	28	33	0.00000
Staphylococcus capitis	4483	S	3	3	6	0.00000
Staphylococcus argenteus	3569	S	2	1	3	0.00000
Staphylococcus_A lentus	96	S	12	6	18	0.00000
Gemella morbillorum	5771	S	9	0	9	0.00000
Aneurinibacillus aneurinilyticus	2234	S	52	2	54	0.00000
Anaeroplasma sp900770055	4691	S	3	12	15	0.00000
Anaeroplasma sp900767915	963	S	2	0	2	0.00000
CAG-307 sp900547045	5497	S	2	0	2	0.00000
Sporolactobacillus sp900543345	3988	S	3	0	3	0.00000
Bifidobacterium vaginale_G	1974	S	3794	3920	7714	0.00018
Bifidobacterium catenulatum	2292	S	1976	5201	7177	0.00017
Bifidobacterium infantis	1982	S	1253	7770	9023	0.00021
Bifidobacterium dentium	2067	S	768	1728	2496	0.00006
Bifidobacterium scardovii	4458	S	736	231	967	0.00002
Bifidobacterium thermophilum	3305	S	624	292	916	0.00002
Bifidobacterium animalis	3460	S	253	926	1179	0.00003
Bifidobacterium ruminantium	4547	S	46	50	96	0.00000
Bifidobacterium globosum	3344	S	35	26	61	0.00000
Bifidobacterium gallinarum	4119	S	12	34	46	0.00000
Bifidobacterium vaginale_F	4035	S	7	6	13	0.00000
Bifidobacterium italicum	5945	S	4	9	13	0.00000
Parascardovia denticolens	3992	S	25	0	25	0.00000
Pauljensenia radingae_A	2347	S	229	1076	1305	0.00003
Pauljensenia sp000308055	2161	S	77	1333	1410	0.00003
Pauljensenia polynesiensis	2274	S	49	14	63	0.00000
Pauljensenia culturomici	4963	S	1	0	1	0.00000
Pauljensenia sp000758755	4189	S	1	5	6	0.00000
Flaviflexus massiliensis	2326	S	239	134	373	0.00001
Varibaculum cambriense	3941	S	160	282	442	0.00001
Varibaculum massiliense	4905	S	7	0	7	0.00000
Varibaculum timonense	1645	S	2	1	3	0.00000
Actinomyces graevenitzii	3993	S	4	5	9	0.00000
Actinomyces urogenitalis	3944	S	2	0	2	0.00000
MGYG000004080	5249	S	2	2	4	0.00000
MGYG000004886	6106	S	1550	461	2011	0.00005
Rothia mucilaginosa_B	1946	S	6	0	6	0.00000
Rothia mucilaginosa_A	4168	S	5	1	6	0.00000
Rothia mucilaginosa	612	S	2	0	2	0.00000
Rothia terrae	641	S	2	0	2	0.00000
Rothia aeria	4056	S	1	0	1	0.00000
Mobilicoccus massiliensis	2285	S	623	59	682	0.00002
Brevibacterium senegalense	2158	S	584	39	623	0.00001
MGYG000003792	4945	S	6	0	6	0.00000
MGYG000003791	4944	S	1	0	1	0.00000
Corynebacterium pacaense	3398	S	754	756	1510	0.00004
MGYG000003805	4959	S	610	247	857	0.00002
Corynebacterium bouchesdurhonense	2379	S	568	448	1016	0.00002
Corynebacterium propinquum	255	S	438	341	779	0.00002
Corynebacterium amycolatum_A	2200	S	60	103	163	0.00000
Corynebacterium provencense	2373	S	59	78	137	0.00000
Corynebacterium kroppenstedtii_A	3930	S	20	1	21	0.00000
Corynebacterium kefirresidentii	4169	S	2	2	4	0.00000
Corynebacterium simulans	4171	S	1	0	1	0.00000
Mycobacterium avium	3269	S	1850	548	2398	0.00006
Lawsonella clevelandensis	3939	S	24	209	233	0.00001
MGYG000003716	4852	S	1	1	2	0.00000
Blastococcus massiliensis	2255	S	278	62	340	0.00001
Cutibacterium acnes	314	S	2350	2384	4734	0.00011
Cutibacterium granulosum	4182	S	45	72	117	0.00000
Collinsella sp900542275	4016	S	15034	13605	28639	0.00067
MGYG000002746	3784	S	559	350	909	0.00002
Collinsella sp900762325	4350	S	551	1690	2241	0.00005
Collinsella sp900765185	4417	S	434	1159	1593	0.00004
Collinsella sp900541145	581	S	265	221	486	0.00001
Collinsella sp900752475	2587	S	262	162	424	0.00001
Collinsella ihuae	2371	S	256	13	269	0.00001
Collinsella sp900541285	1608	S	255	774	1029	0.00002
Collinsella sp003437035	547	S	133	136	269	0.00001
Collinsella sp003487125	5701	S	80	102	182	0.00000
MGYG000003050	4098	S	61	15	76	0.00000
Collinsella aerofaciens_F	266	S	55	68	123	0.00000
Collinsella tanakaei	2105	S	44	3	47	0.00000
MGYG000003109	4149	S	23	14	37	0.00000
Collinsella sp900549215	1612	S	23	27	50	0.00000
Collinsella sp900553705	4097	S	21	18	39	0.00000
Collinsella sp900555765	5984	S	18	91	109	0.00000
MGYG000004651	5861	S	14	5	19	0.00000
Collinsella sp900554985	4075	S	12	8	20	0.00000
Collinsella sp900550825	3905	S	11	29	40	0.00000
Collinsella stercoris	2578	S	10	0	10	0.00000
Collinsella sp900554585	3976	S	9	3	12	0.00000
Collinsella sp900556365	3050	S	9	13	22	0.00000
Collinsella sp900553935	1571	S	8	8	16	0.00000
Collinsella sp900555815	3911	S	8	19	27	0.00000
MGYG000003732	4872	S	7	5	12	0.00000
Collinsella sp900757265	1777	S	6	2	8	0.00000
Collinsella sp002232035	391	S	5	5	10	0.00000
MGYG000003823	4979	S	5	4	9	0.00000
MGYG000001916	2821	S	4	2	6	0.00000
Collinsella sp900544755	1413	S	4	2	6	0.00000
Collinsella sp900549195	4081	S	4	3	7	0.00000
MGYG000004549	5756	S	4	7	11	0.00000
Collinsella sp900549535	3909	S	4	4	8	0.00000
Collinsella sp900754435	5962	S	4	3	7	0.00000
MGYG000002921	3970	S	4	3	7	0.00000
Collinsella sp900768265	1036	S	3	0	3	0.00000
Collinsella sp900765115	4416	S	3	5	8	0.00000
MGYG000002808	3848	S	3	0	3	0.00000
Collinsella sp900548935	1562	S	3	1	4	0.00000
MGYG000001196	1857	S	3	2	5	0.00000
MGYG000004664	5875	S	3	0	3	0.00000
Collinsella sp900550415	1447	S	2	4	6	0.00000
MGYG000004367	5562	S	2	1	3	0.00000
Collinsella sp900544425	1481	S	2	17	19	0.00000
Collinsella sp900555355	1496	S	2	3	5	0.00000
MGYG000000934	1554	S	2	4	6	0.00000
MGYG000000702	1276	S	2	1	3	0.00000
Collinsella sp900757235	2972	S	2	1	3	0.00000
Collinsella sp900542315	3888	S	2	0	2	0.00000
Collinsella sp900549085	3042	S	2	1	3	0.00000
Collinsella sp900541245	4147	S	1	0	1	0.00000
Collinsella sp900547125	4129	S	1	0	1	0.00000
Collinsella sp900546115	4827	S	1	0	1	0.00000
Collinsella sp900757505	1780	S	1	1	2	0.00000
MGYG000001150	1802	S	1	0	1	0.00000
Collinsella sp900542155	1469	S	1	0	1	0.00000
Collinsella sp900545905	4231	S	1	0	1	0.00000
Collinsella sp900553215	5476	S	1	0	1	0.00000
Collinsella sp900556285	4208	S	1	0	1	0.00000
MGYG000003175	4225	S	1	0	1	0.00000
Collinsella sp900758885	1905	S	1	0	1	0.00000
MGYG000003915	5069	S	1	0	1	0.00000
MGYG000003923	5077	S	1	0	1	0.00000
MGYG000003917	5072	S	1	0	1	0.00000
Collinsella sp900557505	1580	S	1	1	2	0.00000
MGYG000002793	3833	S	1	0	1	0.00000
Collinsella sp900543615	4083	S	1	0	1	0.00000
Collinsella sp900548075	3964	S	1	1	2	0.00000
Collinsella sp900556445	6061	S	1	1	2	0.00000
Collinsella aerofaciens_H	5903	S	1	2	3	0.00000
MGYG000004772	5990	S	1	1	2	0.00000
Enorma massiliensis	2166	S	189	16	205	0.00000
Enorma sp900751795	5792	S	1	0	1	0.00000
RUG013 sp001486445	2351	S	1166	287	1453	0.00003
Enteroscipio rubneri	3442	S	479	3177	3656	0.00009
Gordonibacter massiliensis	3403	S	315	436	751	0.00002
Gordonibacter urolithinfaciens	3326	S	2	14	16	0.00000
Eggerthella lenta	3564	S	265	1614	1879	0.00004
Eggerthella sp014287365	6052	S	5	13	18	0.00000
Rubneribacter badeniensis	3444	S	188	350	538	0.00001
CAG-1427 sp900548955	5474	S	30	6	36	0.00000
CAG-1427 sp900539675	4058	S	28	16	44	0.00000
MGYG000003745	4891	S	14	0	14	0.00000
CAG-1427 sp900753095	2698	S	7	4	11	0.00000
MGYG000004724	5936	S	4	1	5	0.00000
CAG-1427 sp000434775	1821	S	3	0	3	0.00000
MGYG000000300	602	S	2	3	5	0.00000
CAG-1427 sp900547965	586	S	2	1	3	0.00000
MGYG000000616	1163	S	2	10	12	0.00000
CAG-1427 sp900540345	1738	S	2	1	3	0.00000
MGYG000004728	5941	S	1	0	1	0.00000
MGYG000004614	5824	S	1	0	1	0.00000
MGYG000001233	1898	S	1	1	2	0.00000
CAG-1427 sp900542265	1818	S	1	0	1	0.00000
CAG-1427 sp900555755	1663	S	1	0	1	0.00000
MGYG000004635	5846	S	54	125	179	0.00000
Slackia_A sp900553775	1527	S	17	24	41	0.00000
Slackia_A sp900555495	2486	S	3	1	4	0.00000
Slackia_A sp900553655	5377	S	1	0	1	0.00000
MGYG000004264	5460	S	1	0	1	0.00000
UMGS1502 sp900552365	1145	S	13	0	13	0.00000
MGYG000004183	5370	S	10	0	10	0.00000
MGYG000004817	6035	S	7	36	43	0.00000
DNF00809 sp001552935	1960	S	3	0	3	0.00000
DNF00809 sp900604965	2547	S	1	1	2	0.00000
Ellagibacter isourolithinifaciens	5206	S	1	2	3	0.00000
MGYG000001600	2444	S	1	0	1	0.00000
MGYG000000597	1137	S	1	0	1	0.00000
Olsenella sp001457795	2343	S	2198	33	2231	0.00005
Olsenella sp900555995	6097	S	273	26	299	0.00001
MGYG000004737	5952	S	2	0	2	0.00000
Lancefieldella parvula	3954	S	498	8	506	0.00001
Lancefieldella sp902373375	1945	S	8	0	8	0.00000
Lancefieldella sp900555335	1399	S	1	0	1	0.00000
Olsenella_E timonensis	3397	S	220	34	254	0.00001
Olsenella_E sp002159735	5776	S	1	0	1	0.00000
MGYG000004577	5787	S	1	0	1	0.00000
Atopobium minutum	5454	S	4	0	4	0.00000
Parolsenella sp900544655	1875	S	1	0	1	0.00000
MGYG000002094	3021	S	1	0	1	0.00000
QAMH01 sp900544245	5320	S	11	125	136	0.00000
CACZQA01 sp902783175	2699	S	41	6	47	0.00000
CACZQA01 sp900758075	1895	S	13	1	14	0.00000
UMGS124 sp900539345	3973	S	4	0	4	0.00000
Mitsuokella jalaludinii	148	S	17289	3753	21042	0.00049
Mitsuokella sp900552565	4781	S	2	0	2	0.00000
Megamonas funiformis	3246	S	211	75	286	0.00001
Anaerovibrio sp900548165	3046	S	88	4	92	0.00000
UBA2913 sp900770895	4747	S	17	0	17	0.00000
CABIZH01 sp902363205	292	S	501	9	510	0.00001
UBA5809 sp002417965	1387	S	3991	126	4117	0.00010
Dialister succinatiphilus	2134	S	1275	624	1899	0.00004
Dialister sp900543165	1912	S	12	1	13	0.00000
Dialister hominis	1700	S	5	3	8	0.00000
Dialister sp900541485	1623	S	3	0	3	0.00000
Dialister sp900765565	4423	S	2	0	2	0.00000
Dialister sp900759415	6023	S	1	0	1	0.00000
Dialister sp900557365	3583	S	1	0	1	0.00000
Dialister sp900541605	1336	S	1	0	1	0.00000
UBA1822 sp002314995	6031	S	476	592	1068	0.00003
UBA1822 sp900545365	1817	S	324	178	502	0.00001
MGYG000004095	5270	S	118	38	156	0.00000
MGYG000004110	5289	S	30	4	34	0.00000
Allisonella histaminiformans	4046	S	397	54	451	0.00001
Megasphaera massiliensis	2560	S	818	641	1459	0.00003
Megasphaera sp000417505	3308	S	300	726	1026	0.00002
Megasphaera cerevisiae	6014	S	9	3	12	0.00000
Megasphaera elsdenii	3568	S	4	15	19	0.00000
Megasphaera sp002319965	4050	S	4	2	6	0.00000
Anaeroglobus massiliensis	2399	S	350	93	443	0.00001
Anaeroglobus geminatus	2633	S	5	1	6	0.00000
Anaeroglobus sp900240295	4948	S	2	0	2	0.00000
Caecibacter massiliensis	2401	S	27	227	254	0.00001
Caecibacter sp900549385	5593	S	6	2	8	0.00000
Caecibacter sp003467125	558	S	3	17	20	0.00000
28L sp000177555	1967	S	42	1	43	0.00000
UMGS915 sp900546795	5470	S	2	0	2	0.00000
Veillonella atypica	2214	S	546	275	821	0.00002
Veillonella sp900552445	5884	S	235	174	409	0.00001
Veillonella dispar_A	471	S	129	155	284	0.00001
Veillonella sp009929605	4488	S	9	2	11	0.00000
Veillonella sp900549805	3647	S	5	0	5	0.00000
Veillonella dispar	1975	S	3	5	8	0.00000
MGYG000002642	3661	S	3	5	8	0.00000
MGYG000003784	4937	S	2	3	5	0.00000
Veillonella sp900550175	615	S	2	1	3	0.00000
Veillonella tobetsuensis	3860	S	2	0	2	0.00000
Veillonella sp900765235	4420	S	1	2	3	0.00000
Veillonella sp900556785	588	S	1	1	2	0.00000
MGYG000004782	5999	S	66	4	70	0.00000
Veillonella_A sp900765165	4418	S	7	1	8	0.00000
Veillonella_A magna	3586	S	6	0	6	0.00000
Veillonella_A sp900545795	1395	S	1	0	1	0.00000
MGYG000003772	4923	S	173	13	186	0.00000
Negativicoccus succinicivorans	3947	S	2	2	4	0.00000
Phascolarctobacterium sp900544795	2476	S	4785	206	4991	0.00012
Phascolarctobacterium sp900551745	1534	S	177	9	186	0.00000
Phascolarctobacterium sp900545535	5025	S	70	1	71	0.00000
MGYG000001870	2760	S	12	0	12	0.00000
Phascolarctobacterium_A succinatutens	2079	S	328	422	750	0.00002
Phascolarctobacterium_A sp900552005	2479	S	81	15	96	0.00000
MGYG000001858	2745	S	33	4	37	0.00000
Phascolarctobacterium_A sp900545025	1547	S	22	60	82	0.00000
Phascolarctobacterium_A sp900541915	1393	S	9	23	32	0.00000
Phascolarctobacterium_A sp900552855	614	S	1	0	1	0.00000
Acidaminococcus timonensis	4575	S	220	7	227	0.00001
Acidaminococcus fermentans_A	6024	S	8	1	9	0.00000
Acidaminococcus sp900538365	1461	S	3	1	4	0.00000
MGYG000004836	6053	S	1	0	1	0.00000
Succiniclasticum sp900315805	3007	S	2	0	2	0.00000
Treponema_D sp900769975	4683	S	32850	4971	37821	0.00089
Treponema_D sp900767955	4564	S	910	10	920	0.00002
Treponema_D sp002449305	4807	S	25	0	25	0.00000
Treponema_D sp900769325	4641	S	5	0	5	0.00000
Treponema_D sp900541995	947	S	4	0	4	0.00000
MGYG000004493	5697	S	4	0	4	0.00000
Spiro-01 sp900769955	4680	S	921	2	923	0.00002
MGYG000004865	6084	S	5	0	5	0.00000
Brachyspira aalborgi	984	S	2463	115	2578	0.00006
MGYG000001906	2807	S	27841	13129	40970	0.00096
CAG-484 sp900321895	5565	S	18	1	19	0.00000
MGYG000004459	5660	S	2768	19	2787	0.00007
CAG-196 sp900549855	3844	S	955	153	1108	0.00003
CAG-196 sp002102975	4126	S	20	2	22	0.00000
MGYG000003506	4604	S	4	6	10	0.00000
Zag1 sp900769355	1063	S	55	17	72	0.00000
Zag1 sp900767135	957	S	6	1	7	0.00000
Zag1 sp000437435	1430	S	5	0	5	0.00000
Zag1 sp900752845	2831	S	4	0	4	0.00000
MGYG000000422	833	S	3	0	3	0.00000
Zag1 sp900556295	1000	S	3	0	3	0.00000
Zag1 sp001917115	713	S	1	0	1	0.00000
CAG-306 sp000980375	863	S	72	1	73	0.00000
MGYG000003930	5085	S	2	0	2	0.00000
UMGS1477 sp900553845	3925	S	63	14	77	0.00000
UMGS951 sp900547585	625	S	32	1	33	0.00000
Zag111 sp900555325	2791	S	7	1	8	0.00000
MGYG000002077	3006	S	6	1	7	0.00000
Zag111 sp002103105	5722	S	5	1	6	0.00000
MGYG000000385	764	S	1	0	1	0.00000
Zag111 sp004558955	3182	S	1	0	1	0.00000
Zag111 sp900551965	5047	S	1	0	1	0.00000
RUG841 sp900772035	5823	S	9	3	12	0.00000
MGYG000003857	5017	S	2	1	3	0.00000
UMGS1585 sp900766355	986	S	1	2	3	0.00000
UMGS1585 sp900553205	1032	S	1	2	3	0.00000
UBA1221 sp900770525	1023	S	5	0	5	0.00000
QHMH01 sp003258795	910	S	4	0	4	0.00000
QAMI01 sp900554095	2765	S	4	0	4	0.00000
Gastranaerophilus phascolarctosicola	2863	S	1	0	1	0.00000
Bilophila wadsworthia	2073	S	7480	3683	11163	0.00026
Bilophila sp900553145	2481	S	146	15	161	0.00000
Bilophila sp900550745	5630	S	119	24	143	0.00000
MGYG000001832	2717	S	33	0	33	0.00000
MGYG000002706	3742	S	6	1	7	0.00000
Desulfovibrio piger	2025	S	570	619	1189	0.00003
Desulfovibrio sp900319575	4010	S	387	40	427	0.00001
Desulfovibrio legallii	515	S	365	433	798	0.00002
Desulfovibrio desulfuricans	3637	S	323	60	383	0.00001
Desulfovibrio fairfieldensis	1986	S	305	210	515	0.00001
Desulfovibrio desulfuricans_A	3094	S	113	434	547	0.00001
MGYG000004670	5881	S	64	6	70	0.00000
MGYG000004864	6083	S	38	144	182	0.00000
Desulfovibrio sp002159665	2814	S	8	0	8	0.00000
Desulfovibrio sp900540515	3890	S	2	1	3	0.00000
Nitratidesulfovibrio vulgaris	6069	S	123	7	130	0.00000
MGYG000000566	1091	S	8	3	11	0.00000
Mailhella sp900541395	3068	S	5	0	5	0.00000
MGYG000004659	5869	S	3	0	3	0.00000
Mailhella sp900553065	1072	S	2	0	2	0.00000
Mailhella sp900555975	5078	S	2	0	2	0.00000
MGYG000004649	5859	S	2	0	2	0.00000
UBA2834 sp004561445	5778	S	4088	983	5071	0.00012
TM7x sp900556355	1798	S	2110	350	2460	0.00006
TM7x sp900555425	4034	S	5	0	5	0.00000
TM7x sp900557595	5487	S	2	0	2	0.00000
MGYG000000376	747	S	1	0	1	0.00000
Helicobacter_D pullorum	2014	S	715	3366	4081	0.00010
Helicobacter_D winghamensis	2036	S	7	7	14	0.00000
HGM08974 sp900766555	4480	S	226	55	281	0.00001
Helicobacter_A rappini	2035	S	145	167	312	0.00001
Helicobacter_B macacae	2247	S	57	41	98	0.00000
Helicobacter_B sp001854545	3446	S	29	10	39	0.00000
Helicobacter_F sp002287135	4708	S	16	13	29	0.00000
MGYG000003438	4532	S	2	1	3	0.00000
Aliarcobacter butzleri	3343	S	519	367	886	0.00002
Campylobacter_A curvus	2575	S	46	48	94	0.00000
Campylobacter_A concisus_G	3433	S	32	172	204	0.00000
Campylobacter_A concisus_R	2127	S	2	4	6	0.00000
Campylobacter_A concisus_I	3429	S	2	10	12	0.00000
Campylobacter_A concisus_F	3431	S	2	3	5	0.00000
Campylobacter_A concisus_P	3432	S	2	11	13	0.00000
Campylobacter_D coli_B	3304	S	2	113	115	0.00000
Campylobacter sp900753405	1685	S	63	47	110	0.00000
Campylobacter fetus	1077	S	3	0	3	0.00000
Campylobacter_B sp900539505	1726	S	1	0	1	0.00000
Fusobacterium_B sp900545035	2437	S	884	176	1060	0.00002
Fusobacterium_B sp900542625	5504	S	185	388	573	0.00001
Fusobacterium nucleatum_E	1403	S	166	270	436	0.00001
Fusobacterium vincentii	2059	S	84	996	1080	0.00003
Fusobacterium periodonticum_D	2028	S	5	468	473	0.00001
Fusobacterium periodonticum_B	2062	S	5	297	302	0.00001
Fusobacterium polymorphum	2249	S	3	122	125	0.00000
Fusobacterium nucleatum	2243	S	1	11	12	0.00000
Fusobacterium_A ulcerans_A	3594	S	119	180	299	0.00001
Fusobacterium_A sp900549465	1579	S	47	177	224	0.00001
Fusobacterium_A sp900764925	6046	S	16	31	47	0.00000
Fusobacterium_A varium_A	1800	S	6	3	9	0.00000
Cetobacterium_A sp900766645	1048	S	1	0	1	0.00000
Leptotrichia wadei_A	3653	S	12	911	923	0.00002
Sneathia amnii	5720	S	4	9	13	0.00000
CAG-312 sp900760665	5705	S	685	1560	2245	0.00005
CAG-312 sp002405555	4544	S	275	121	396	0.00001
MGYG000003846	5006	S	3	0	3	0.00000
CAG-312 sp900545705	871	S	2	5	7	0.00000
UMGS1490 sp900547395	1475	S	6	0	6	0.00000
UMGS1490 sp900552245	1601	S	1	0	1	0.00000
MGYG000004418	5614	S	4	0	4	0.00000
MGYG000001791	2671	S	1	0	1	0.00000
Akkermansia sp900766865	4499	S	155	141	296	0.00001
MGYG000003447	4542	S	14	4	18	0.00000
Akkermansia sp001580195	3362	S	5	125	130	0.00000
Akkermansia muciniphila_B	3455	S	4	107	111	0.00000
Akkermansia sp900548895	5736	S	3	1	4	0.00000
Victivallis vadensis	3477	S	461	117	578	0.00001
Victivallis sp900551245	5704	S	7	0	7	0.00000
Victivallis sp900761715	4317	S	5	0	5	0.00000
MGYG000000720	1304	S	4	0	4	0.00000
UMGS1518 sp900552575	1599	S	258	22	280	0.00001
UBA11452 sp003526375	1101	S	191	507	698	0.00002
MGYG000001792	2672	S	15	0	15	0.00000
UBA1829 sp900760615	2777	S	44	2	46	0.00000
UBA1829 sp900549045	1050	S	1	0	1	0.00000
MGYG000001812	2694	S	6	0	6	0.00000
CAAGGB01 sp900769285	4634	S	9	18	27	0.00000
MGYG000002219	3164	S	207	46	253	0.00001
RUG572 sp900771305	4765	S	6	1	7	0.00000
MGYG000003639	4762	S	2	15	17	0.00000
MGYG000003499	4599	S	1	0	1	0.00000
MGYG000001020	1655	S	2318	249	2567	0.00006
MGYG000004118	5298	S	10	0	10	0.00000
UMGS1590 sp900759105	1826	S	371	252	623	0.00001
UMGS1590 sp900553245	1708	S	6	0	6	0.00000
UMGS1590 sp900552455	1659	S	3	0	3	0.00000
UBA7185 sp900756555	1757	S	30	13	43	0.00000
Acetomicrobium hydrogeniformans	2051	S	1430	210	1640	0.00004
MGYG000003788	4941	S	52	3	55	0.00000
Pyramidobacter piscolens	2431	S	1	0	1	0.00000
Jonquetella anthropi	4861	S	9	0	9	0.00000
An23 sp900544635	5773	S	10	0	10	0.00000
Bruticola sp900772775	3693	S	712	16	728	0.00002
Bruticola sp004554425	1060	S	8	0	8	0.00000
MGYG000002669	3697	S	1	0	1	0.00000
UBA1174 sp900556855	3686	S	272	0	272	0.00001
UBA1436 sp900540405	5696	S	6	0	6	0.00000
CADBRU01 sp900762815	997	S	1	0	1	0.00000
HGM14224 sp900761905	4333	S	86	0	86	0.00000
MGYG000003389	4469	S	64	0	64	0.00000
UBA4248 sp004554395	3676	S	17	0	17	0.00000
MGYG000004312	51	S	10	570	580	0.00001
Methanomassiliicoccus_A intestinalis	27	S	1	50	51	0.00000
Methanomethylophilus alvus	36	S	2	0	2	0.00000
UBA71 sp006954425	48	S	1	1	2	0.00000
Methanobrevibacter_A sp900766745	8	S	401	0	401	0.00001
Methanobrevibacter_A oralis	30	S	4	0	4	0.00000
MGYG000003541	42	S	1	0	1	0.00000
Methanosphaera stadtmanae	33	S	4	0	4	0.00000
Methanosphaera cuniculi	54	S	3	0	3	0.00000
Haloferax massiliensis	23	S	2	0	2	0.00000
